{
  "last_node_id": 654,
  "last_link_id": 1508,
  "nodes": [
    {
      "id": 268,
      "type": "PreviewImage",
      "pos": [
        1260,
        -340
      ],
      "size": {
        "0": 210,
        "1": 246
      },
      "flags": {},
      "order": 28,
      "mode": 0,
      "inputs": [
        {
          "name": "images",
          "type": "IMAGE",
          "link": 926
        }
      ],
      "title": "Image for inpaint",
      "properties": {
        "Node name for S&R": "PreviewImage"
      },
      "color": "#233",
      "bgcolor": "#355"
    },
    {
      "id": 412,
      "type": "Reroute",
      "pos": [
        1201,
        144
      ],
      "size": [
        75,
        26
      ],
      "flags": {},
      "order": 20,
      "mode": 0,
      "inputs": [
        {
          "name": "",
          "type": "*",
          "link": 1475,
          "widget": {
            "name": "value"
          }
        }
      ],
      "outputs": [
        {
          "name": "",
          "type": "INT",
          "links": [
            840
          ],
          "slot_index": 0
        }
      ],
      "properties": {
        "showOutputText": false,
        "horizontal": false
      }
    },
    {
      "id": 413,
      "type": "Reroute",
      "pos": [
        1201,
        164
      ],
      "size": [
        75,
        26
      ],
      "flags": {},
      "order": 21,
      "mode": 0,
      "inputs": [
        {
          "name": "",
          "type": "*",
          "link": 1476,
          "widget": {
            "name": "value"
          }
        }
      ],
      "outputs": [
        {
          "name": "",
          "type": "INT",
          "links": [
            841
          ],
          "slot_index": 0
        }
      ],
      "properties": {
        "showOutputText": false,
        "horizontal": false
      }
    },
    {
      "id": 395,
      "type": "PreviewImage",
      "pos": [
        1440,
        430
      ],
      "size": {
        "0": 612.2093505859375,
        "1": 842.1597900390625
      },
      "flags": {},
      "order": 43,
      "mode": 0,
      "inputs": [
        {
          "name": "images",
          "type": "IMAGE",
          "link": 1418
        }
      ],
      "title": "Output Image",
      "properties": {
        "Node name for S&R": "PreviewImage"
      },
      "color": "#233",
      "bgcolor": "#355"
    },
    {
      "id": 258,
      "type": "PreviewImage",
      "pos": [
        2100,
        430
      ],
      "size": {
        "0": 612.114013671875,
        "1": 845.9668579101562
      },
      "flags": {},
      "order": 14,
      "mode": 0,
      "inputs": [
        {
          "name": "images",
          "type": "IMAGE",
          "link": 1281
        }
      ],
      "title": "Input Image",
      "properties": {
        "Node name for S&R": "PreviewImage"
      },
      "color": "#233",
      "bgcolor": "#355"
    },
    {
      "id": 630,
      "type": "SetLatentNoiseMask",
      "pos": [
        894,
        510
      ],
      "size": {
        "0": 210,
        "1": 46
      },
      "flags": {
        "collapsed": true
      },
      "order": 38,
      "mode": 0,
      "inputs": [
        {
          "name": "samples",
          "type": "LATENT",
          "link": 1419
        },
        {
          "name": "mask",
          "type": "MASK",
          "link": 1421
        }
      ],
      "outputs": [
        {
          "name": "LATENT",
          "type": "LATENT",
          "links": [
            1420
          ],
          "slot_index": 0,
          "shape": 3
        }
      ],
      "properties": {
        "Node name for S&R": "SetLatentNoiseMask"
      }
    },
    {
      "id": 354,
      "type": "VAEEncode",
      "pos": [
        751,
        510
      ],
      "size": {
        "0": 309.7555847167969,
        "1": 46
      },
      "flags": {
        "collapsed": true
      },
      "order": 27,
      "mode": 0,
      "inputs": [
        {
          "name": "pixels",
          "type": "IMAGE",
          "link": 923
        },
        {
          "name": "vae",
          "type": "VAE",
          "link": 1024
        }
      ],
      "outputs": [
        {
          "name": "LATENT",
          "type": "LATENT",
          "links": [
            1419
          ],
          "slot_index": 0,
          "shape": 3
        }
      ],
      "properties": {
        "Node name for S&R": "VAEEncode"
      }
    },
    {
      "id": 569,
      "type": "Reroute",
      "pos": [
        206,
        313
      ],
      "size": [
        75,
        26
      ],
      "flags": {},
      "order": 8,
      "mode": 0,
      "inputs": [
        {
          "name": "",
          "type": "*",
          "link": 1415
        }
      ],
      "outputs": [
        {
          "name": "",
          "type": "IMAGE",
          "links": [
            1314
          ],
          "slot_index": 0
        }
      ],
      "properties": {
        "showOutputText": false,
        "horizontal": false
      }
    },
    {
      "id": 474,
      "type": "Reroute",
      "pos": [
        416,
        478
      ],
      "size": [
        75,
        26
      ],
      "flags": {},
      "order": 12,
      "mode": 0,
      "inputs": [
        {
          "name": "",
          "type": "*",
          "link": 1026
        }
      ],
      "outputs": [
        {
          "name": "",
          "type": "VAE",
          "links": [
            1024,
            1027
          ],
          "slot_index": 0
        }
      ],
      "properties": {
        "showOutputText": false,
        "horizontal": false
      }
    },
    {
      "id": 248,
      "type": "VAEDecode",
      "pos": [
        1438,
        323
      ],
      "size": {
        "0": 140,
        "1": 46
      },
      "flags": {
        "collapsed": true
      },
      "order": 40,
      "mode": 0,
      "inputs": [
        {
          "name": "samples",
          "type": "LATENT",
          "link": 1340
        },
        {
          "name": "vae",
          "type": "VAE",
          "link": 768
        }
      ],
      "outputs": [
        {
          "name": "IMAGE",
          "type": "IMAGE",
          "links": [
            797
          ],
          "slot_index": 0,
          "shape": 3
        }
      ],
      "properties": {
        "Node name for S&R": "VAEDecode"
      }
    },
    {
      "id": 394,
      "type": "ImageScale",
      "pos": [
        1603,
        186
      ],
      "size": {
        "0": 315,
        "1": 130
      },
      "flags": {
        "collapsed": true
      },
      "order": 41,
      "mode": 0,
      "inputs": [
        {
          "name": "image",
          "type": "IMAGE",
          "link": 797
        },
        {
          "name": "width",
          "type": "INT",
          "link": 840,
          "widget": {
            "name": "width"
          }
        },
        {
          "name": "height",
          "type": "INT",
          "link": 841,
          "widget": {
            "name": "height"
          }
        }
      ],
      "outputs": [
        {
          "name": "IMAGE",
          "type": "IMAGE",
          "links": [
            781
          ],
          "slot_index": 0,
          "shape": 3
        }
      ],
      "properties": {
        "Node name for S&R": "ImageScale"
      },
      "widgets_values": [
        "bilinear",
        512,
        512,
        "disabled"
      ]
    },
    {
      "id": 396,
      "type": "ImageCompositeMasked",
      "pos": [
        1840,
        149
      ],
      "size": {
        "0": 327.45550537109375,
        "1": 140.86239624023438
      },
      "flags": {
        "collapsed": true
      },
      "order": 42,
      "mode": 0,
      "inputs": [
        {
          "name": "destination",
          "type": "IMAGE",
          "link": 1032
        },
        {
          "name": "source",
          "type": "IMAGE",
          "link": 781
        },
        {
          "name": "mask",
          "type": "MASK",
          "link": null
        },
        {
          "name": "x",
          "type": "INT",
          "link": 836,
          "widget": {
            "name": "x"
          }
        },
        {
          "name": "y",
          "type": "INT",
          "link": 838,
          "widget": {
            "name": "y"
          }
        }
      ],
      "outputs": [
        {
          "name": "IMAGE",
          "type": "IMAGE",
          "links": [
            1418
          ],
          "slot_index": 0,
          "shape": 3
        }
      ],
      "properties": {
        "Node name for S&R": "ImageCompositeMasked"
      },
      "widgets_values": [
        0,
        0,
        false
      ]
    },
    {
      "id": 389,
      "type": "Reroute",
      "pos": [
        1708,
        311
      ],
      "size": [
        75,
        26
      ],
      "flags": {},
      "order": 15,
      "mode": 0,
      "inputs": [
        {
          "name": "",
          "type": "*",
          "link": 1314
        }
      ],
      "outputs": [
        {
          "name": "",
          "type": "IMAGE",
          "links": [
            1032
          ],
          "slot_index": 0
        }
      ],
      "properties": {
        "showOutputText": false,
        "horizontal": false
      }
    },
    {
      "id": 392,
      "type": "Reroute",
      "pos": [
        756,
        293
      ],
      "size": [
        75,
        26
      ],
      "flags": {},
      "order": 25,
      "mode": 0,
      "inputs": [
        {
          "name": "",
          "type": "*",
          "link": 1027
        }
      ],
      "outputs": [
        {
          "name": "",
          "type": "VAE",
          "links": [
            768
          ],
          "slot_index": 0
        }
      ],
      "properties": {
        "showOutputText": false,
        "horizontal": false
      }
    },
    {
      "id": 262,
      "type": "MaskToImage",
      "pos": [
        1240,
        20
      ],
      "size": {
        "0": 210,
        "1": 26
      },
      "flags": {
        "collapsed": true
      },
      "order": 29,
      "mode": 0,
      "inputs": [
        {
          "name": "mask",
          "type": "MASK",
          "link": 828,
          "slot_index": 0
        }
      ],
      "outputs": [
        {
          "name": "IMAGE",
          "type": "IMAGE",
          "links": [
            408,
            558
          ],
          "slot_index": 0,
          "shape": 3
        }
      ],
      "properties": {
        "Node name for S&R": "MaskToImage"
      }
    },
    {
      "id": 323,
      "type": "ImageToMask",
      "pos": [
        1790,
        20
      ],
      "size": {
        "0": 315,
        "1": 58
      },
      "flags": {
        "collapsed": true
      },
      "order": 34,
      "mode": 0,
      "inputs": [
        {
          "name": "image",
          "type": "IMAGE",
          "link": 563
        }
      ],
      "outputs": [
        {
          "name": "MASK",
          "type": "MASK",
          "links": [
            1421
          ],
          "slot_index": 0,
          "shape": 3
        }
      ],
      "properties": {
        "Node name for S&R": "ImageToMask"
      },
      "widgets_values": [
        "red"
      ]
    },
    {
      "id": 264,
      "type": "PreviewImage",
      "pos": [
        1500,
        -340
      ],
      "size": {
        "0": 210,
        "1": 246
      },
      "flags": {},
      "order": 31,
      "mode": 0,
      "inputs": [
        {
          "name": "images",
          "type": "IMAGE",
          "link": 408
        }
      ],
      "title": "Mask",
      "properties": {
        "Node name for S&R": "PreviewImage"
      },
      "color": "#233",
      "bgcolor": "#355"
    },
    {
      "id": 579,
      "type": "Reroute",
      "pos": [
        1967,
        51
      ],
      "size": [
        75,
        26
      ],
      "flags": {},
      "order": 7,
      "mode": 0,
      "inputs": [
        {
          "name": "",
          "type": "*",
          "link": 1260
        }
      ],
      "outputs": [
        {
          "name": "",
          "type": "IMAGE",
          "links": [
            1281
          ],
          "slot_index": 0
        }
      ],
      "properties": {
        "showOutputText": false,
        "horizontal": false
      }
    },
    {
      "id": 410,
      "type": "Reroute",
      "pos": [
        1118,
        104
      ],
      "size": [
        75,
        26
      ],
      "flags": {},
      "order": 18,
      "mode": 0,
      "inputs": [
        {
          "name": "",
          "type": "*",
          "link": 1473,
          "widget": {
            "name": "value"
          }
        }
      ],
      "outputs": [
        {
          "name": "",
          "type": "INT",
          "links": [
            836
          ],
          "slot_index": 0
        }
      ],
      "properties": {
        "showOutputText": false,
        "horizontal": false
      }
    },
    {
      "id": 411,
      "type": "Reroute",
      "pos": [
        1118,
        124
      ],
      "size": [
        75,
        26
      ],
      "flags": {},
      "order": 19,
      "mode": 0,
      "inputs": [
        {
          "name": "",
          "type": "*",
          "link": 1474,
          "widget": {
            "name": "value"
          }
        }
      ],
      "outputs": [
        {
          "name": "",
          "type": "INT",
          "links": [
            838
          ]
        }
      ],
      "properties": {
        "showOutputText": false,
        "horizontal": false
      }
    },
    {
      "id": 369,
      "type": "PreviewImage",
      "pos": [
        1020,
        -340
      ],
      "size": {
        "0": 210,
        "1": 246
      },
      "flags": {},
      "order": 36,
      "mode": 0,
      "inputs": [
        {
          "name": "images",
          "type": "IMAGE",
          "link": 1052
        }
      ],
      "title": "InstantId Control Image",
      "properties": {
        "Node name for S&R": "PreviewImage"
      },
      "color": "#233",
      "bgcolor": "#355"
    },
    {
      "id": 326,
      "type": "PreviewImage",
      "pos": [
        1740,
        -340
      ],
      "size": {
        "0": 210,
        "1": 246
      },
      "flags": {},
      "order": 35,
      "mode": 0,
      "inputs": [
        {
          "name": "images",
          "type": "IMAGE",
          "link": 590
        }
      ],
      "title": "Blurred Mask",
      "properties": {
        "Node name for S&R": "PreviewImage"
      },
      "color": "#233",
      "bgcolor": "#355"
    },
    {
      "id": 407,
      "type": "Reroute",
      "pos": [
        1148,
        45
      ],
      "size": [
        75,
        26
      ],
      "flags": {},
      "order": 16,
      "mode": 0,
      "inputs": [
        {
          "name": "",
          "type": "*",
          "link": 1481
        }
      ],
      "outputs": [
        {
          "name": "",
          "type": "IMAGE",
          "links": [
            923,
            926
          ],
          "slot_index": 0
        }
      ],
      "properties": {
        "showOutputText": false,
        "horizontal": false
      }
    },
    {
      "id": 408,
      "type": "Reroute",
      "pos": [
        802,
        62
      ],
      "size": [
        75,
        26
      ],
      "flags": {},
      "order": 17,
      "mode": 0,
      "inputs": [
        {
          "name": "",
          "type": "*",
          "link": 1470
        }
      ],
      "outputs": [
        {
          "name": "",
          "type": "MASK",
          "links": [
            828
          ],
          "slot_index": 0
        }
      ],
      "properties": {
        "showOutputText": false,
        "horizontal": false
      }
    },
    {
      "id": 649,
      "type": "ImageScale",
      "pos": [
        775,
        -144
      ],
      "size": {
        "0": 315,
        "1": 130
      },
      "flags": {
        "collapsed": true
      },
      "order": 30,
      "mode": 0,
      "inputs": [
        {
          "name": "image",
          "type": "IMAGE",
          "link": 1480
        },
        {
          "name": "width",
          "type": "INT",
          "link": 1486,
          "widget": {
            "name": "width"
          }
        },
        {
          "name": "height",
          "type": "INT",
          "link": 1487,
          "widget": {
            "name": "height"
          }
        }
      ],
      "outputs": [
        {
          "name": "IMAGE",
          "type": "IMAGE",
          "links": [
            1489
          ],
          "slot_index": 0,
          "shape": 3
        }
      ],
      "properties": {
        "Node name for S&R": "ImageScale"
      },
      "widgets_values": [
        "nearest-exact",
        512,
        512,
        "disabled"
      ]
    },
    {
      "id": 650,
      "type": "LoadInsightface",
      "pos": [
        -620,
        -130
      ],
      "size": {
        "0": 210,
        "1": 26
      },
      "flags": {},
      "order": 0,
      "mode": 0,
      "outputs": [
        {
          "name": "insightface",
          "type": "INSIGHTFACE_APP",
          "links": [
            1491
          ],
          "slot_index": 0,
          "shape": 3
        }
      ],
      "properties": {
        "Node name for S&R": "LoadInsightface"
      },
      "color": "#432",
      "bgcolor": "#653"
    },
    {
      "id": 647,
      "type": "PreprocessImage",
      "pos": [
        316,
        43
      ],
      "size": {
        "0": 267.10882568359375,
        "1": 290
      },
      "flags": {},
      "order": 10,
      "mode": 0,
      "inputs": [
        {
          "name": "image",
          "type": "IMAGE",
          "link": 1467
        },
        {
          "name": "mask",
          "type": "MASK",
          "link": 1468
        },
        {
          "name": "insightface",
          "type": "INSIGHTFACE_APP",
          "link": null
        }
      ],
      "outputs": [
        {
          "name": "resized_image",
          "type": "IMAGE",
          "links": [
            1481
          ],
          "shape": 3
        },
        {
          "name": "mask",
          "type": "MASK",
          "links": [
            1470
          ],
          "shape": 3
        },
        {
          "name": "control_image",
          "type": "IMAGE",
          "links": [],
          "shape": 3
        },
        {
          "name": "x",
          "type": "INT",
          "links": [
            1473,
            1482
          ],
          "slot_index": 3,
          "shape": 3
        },
        {
          "name": "y",
          "type": "INT",
          "links": [
            1474,
            1483
          ],
          "slot_index": 4,
          "shape": 3
        },
        {
          "name": "original_width",
          "type": "INT",
          "links": [
            1475,
            1484
          ],
          "slot_index": 5,
          "shape": 3
        },
        {
          "name": "original_height",
          "type": "INT",
          "links": [
            1476,
            1485
          ],
          "slot_index": 6,
          "shape": 3
        },
        {
          "name": "new_width",
          "type": "INT",
          "links": [
            1486
          ],
          "slot_index": 7,
          "shape": 3
        },
        {
          "name": "new_height",
          "type": "INT",
          "links": [
            1487
          ],
          "slot_index": 8,
          "shape": 3
        }
      ],
      "properties": {
        "Node name for S&R": "PreprocessImage"
      },
      "widgets_values": [
        1024,
        1024,
        "auto",
        100
      ],
      "color": "#432",
      "bgcolor": "#653"
    },
    {
      "id": 648,
      "type": "ImageCrop",
      "pos": [
        638,
        -144
      ],
      "size": {
        "0": 315,
        "1": 130
      },
      "flags": {
        "collapsed": true
      },
      "order": 22,
      "mode": 0,
      "inputs": [
        {
          "name": "image",
          "type": "IMAGE",
          "link": 1479
        },
        {
          "name": "width",
          "type": "INT",
          "link": 1484,
          "widget": {
            "name": "width"
          }
        },
        {
          "name": "height",
          "type": "INT",
          "link": 1485,
          "widget": {
            "name": "height"
          }
        },
        {
          "name": "x",
          "type": "INT",
          "link": 1482,
          "widget": {
            "name": "x"
          }
        },
        {
          "name": "y",
          "type": "INT",
          "link": 1483,
          "widget": {
            "name": "y"
          }
        }
      ],
      "outputs": [
        {
          "name": "IMAGE",
          "type": "IMAGE",
          "links": [
            1480
          ],
          "slot_index": 0,
          "shape": 3
        }
      ],
      "properties": {
        "Node name for S&R": "ImageCrop"
      },
      "widgets_values": [
        512,
        512,
        0,
        0
      ]
    },
    {
      "id": 642,
      "type": "FaceEmbed",
      "pos": [
        -310,
        -100
      ],
      "size": {
        "0": 292.20001220703125,
        "1": 66
      },
      "flags": {
        "collapsed": true
      },
      "order": 6,
      "mode": 0,
      "inputs": [
        {
          "name": "insightface",
          "type": "INSIGHTFACE_APP",
          "link": 1491
        },
        {
          "name": "face_image",
          "type": "IMAGE",
          "link": 1460
        },
        {
          "name": "face_embeds",
          "type": "FACE_EMBED",
          "link": null
        }
      ],
      "outputs": [
        {
          "name": "face embeds",
          "type": "FACE_EMBED",
          "links": [
            1498
          ],
          "slot_index": 0,
          "shape": 3
        }
      ],
      "properties": {
        "Node name for S&R": "FaceEmbed"
      },
      "color": "#432",
      "bgcolor": "#653"
    },
    {
      "id": 652,
      "type": "LoadInstantIdAdapter",
      "pos": [
        -377,
        805
      ],
      "size": {
        "0": 291.64471435546875,
        "1": 78
      },
      "flags": {},
      "order": 1,
      "mode": 0,
      "outputs": [
        {
          "name": "InstantId_adapter",
          "type": "INSTANTID_ADAPTER",
          "links": [
            1495
          ],
          "slot_index": 0,
          "shape": 3
        },
        {
          "name": "resampler",
          "type": "RESAMPLER",
          "links": [
            1496
          ],
          "slot_index": 1,
          "shape": 3
        }
      ],
      "properties": {
        "Node name for S&R": "LoadInstantIdAdapter"
      },
      "widgets_values": [
        "ip-adapter.bin"
      ],
      "color": "#432",
      "bgcolor": "#653"
    },
    {
      "id": 252,
      "type": "CLIPTextEncode",
      "pos": [
        330,
        785
      ],
      "size": {
        "0": 321.2493896484375,
        "1": 112.86385345458984
      },
      "flags": {},
      "order": 23,
      "mode": 0,
      "inputs": [
        {
          "name": "clip",
          "type": "CLIP",
          "link": 1324
        }
      ],
      "outputs": [
        {
          "name": "CONDITIONING",
          "type": "CONDITIONING",
          "links": [
            1499
          ],
          "slot_index": 0,
          "shape": 3
        }
      ],
      "title": "Positive Prompt",
      "properties": {
        "Node name for S&R": "CLIPTextEncode"
      },
      "widgets_values": [
        ""
      ],
      "color": "#232",
      "bgcolor": "#353"
    },
    {
      "id": 287,
      "type": "CLIPTextEncode",
      "pos": [
        328,
        930
      ],
      "size": {
        "0": 323.7601013183594,
        "1": 111.55984497070312
      },
      "flags": {},
      "order": 24,
      "mode": 0,
      "inputs": [
        {
          "name": "clip",
          "type": "CLIP",
          "link": 1508
        }
      ],
      "outputs": [
        {
          "name": "CONDITIONING",
          "type": "CONDITIONING",
          "links": [
            1500
          ],
          "slot_index": 0,
          "shape": 3
        }
      ],
      "title": "Negative Prompt",
      "properties": {
        "Node name for S&R": "CLIPTextEncode"
      },
      "widgets_values": [
        ""
      ],
      "color": "#322",
      "bgcolor": "#533"
    },
    {
      "id": 653,
      "type": "FaceEmbedCombine",
      "pos": [
        100,
        442
      ],
      "size": {
        "0": 367.79998779296875,
        "1": 46
      },
      "flags": {
        "collapsed": true
      },
      "order": 13,
      "mode": 0,
      "inputs": [
        {
          "name": "resampler",
          "type": "RESAMPLER",
          "link": 1496
        },
        {
          "name": "face_embeds",
          "type": "FACE_EMBED",
          "link": 1498
        }
      ],
      "outputs": [
        {
          "name": "face conditioning",
          "type": "FACE_CONDITIONING",
          "links": [
            1497,
            1501
          ],
          "slot_index": 0,
          "shape": 3
        }
      ],
      "properties": {
        "Node name for S&R": "FaceEmbedCombine"
      },
      "color": "#432",
      "bgcolor": "#653"
    },
    {
      "id": 636,
      "type": "ControlNetLoader",
      "pos": [
        -395,
        949
      ],
      "size": {
        "0": 315,
        "1": 58
      },
      "flags": {},
      "order": 2,
      "mode": 0,
      "outputs": [
        {
          "name": "CONTROL_NET",
          "type": "CONTROL_NET",
          "links": [
            1502
          ],
          "slot_index": 0,
          "shape": 3
        }
      ],
      "properties": {
        "Node name for S&R": "ControlNetLoader"
      },
      "widgets_values": [
        "ControlNetModel\\diffusion_pytorch_model.safetensors"
      ],
      "color": "#223",
      "bgcolor": "#335"
    },
    {
      "id": 481,
      "type": "Reroute",
      "pos": [
        922,
        -173
      ],
      "size": [
        75,
        26
      ],
      "flags": {},
      "order": 33,
      "mode": 0,
      "inputs": [
        {
          "name": "",
          "type": "*",
          "link": 1489
        }
      ],
      "outputs": [
        {
          "name": "",
          "type": "IMAGE",
          "links": [
            1052,
            1503
          ],
          "slot_index": 0
        }
      ],
      "properties": {
        "showOutputText": false,
        "horizontal": false
      }
    },
    {
      "id": 654,
      "type": "ControlNetInstantIdApply",
      "pos": [
        724,
        563
      ],
      "size": {
        "0": 330,
        "1": 138
      },
      "flags": {},
      "order": 37,
      "mode": 0,
      "inputs": [
        {
          "name": "positive",
          "type": "CONDITIONING",
          "link": 1499
        },
        {
          "name": "negative",
          "type": "CONDITIONING",
          "link": 1500
        },
        {
          "name": "face_conditioning",
          "type": "FACE_CONDITIONING",
          "link": 1501
        },
        {
          "name": "control_net",
          "type": "CONTROL_NET",
          "link": 1502
        },
        {
          "name": "image",
          "type": "IMAGE",
          "link": 1503
        }
      ],
      "outputs": [
        {
          "name": "positive",
          "type": "CONDITIONING",
          "links": [
            1505
          ],
          "slot_index": 0,
          "shape": 3
        },
        {
          "name": "negative",
          "type": "CONDITIONING",
          "links": [
            1506
          ],
          "slot_index": 1,
          "shape": 3
        }
      ],
      "properties": {
        "Node name for S&R": "ControlNetInstantIdApply"
      },
      "widgets_values": [
        0.7000000000000001
      ],
      "color": "#432",
      "bgcolor": "#653"
    },
    {
      "id": 471,
      "type": "Reroute",
      "pos": [
        229,
        784
      ],
      "size": [
        75,
        26
      ],
      "flags": {},
      "order": 11,
      "mode": 0,
      "inputs": [
        {
          "name": "",
          "type": "*",
          "link": 1507
        }
      ],
      "outputs": [
        {
          "name": "",
          "type": "CLIP",
          "links": [
            1324,
            1508
          ],
          "slot_index": 0
        }
      ],
      "properties": {
        "showOutputText": false,
        "horizontal": false
      }
    },
    {
      "id": 651,
      "type": "InstantIdAdapterApply",
      "pos": [
        328,
        564
      ],
      "size": {
        "0": 315,
        "1": 98
      },
      "flags": {},
      "order": 26,
      "mode": 0,
      "inputs": [
        {
          "name": "model",
          "type": "MODEL",
          "link": 1493
        },
        {
          "name": "instantId_adapter",
          "type": "INSTANTID_ADAPTER",
          "link": 1495
        },
        {
          "name": "face_conditioning",
          "type": "FACE_CONDITIONING",
          "link": 1497
        }
      ],
      "outputs": [
        {
          "name": "model",
          "type": "MODEL",
          "links": [
            1494
          ],
          "slot_index": 0,
          "shape": 3
        }
      ],
      "properties": {
        "Node name for S&R": "InstantIdAdapterApply"
      },
      "widgets_values": [
        0.8
      ],
      "color": "#432",
      "bgcolor": "#653"
    },
    {
      "id": 319,
      "type": "ImageBlur",
      "pos": [
        1450,
        -10
      ],
      "size": {
        "0": 315,
        "1": 82
      },
      "flags": {
        "collapsed": false
      },
      "order": 32,
      "mode": 0,
      "inputs": [
        {
          "name": "image",
          "type": "IMAGE",
          "link": 558
        }
      ],
      "outputs": [
        {
          "name": "IMAGE",
          "type": "IMAGE",
          "links": [
            563,
            590
          ],
          "slot_index": 0,
          "shape": 3
        }
      ],
      "properties": {
        "Node name for S&R": "ImageBlur"
      },
      "widgets_values": [
        1,
        0.1
      ],
      "color": "#323",
      "bgcolor": "#535"
    },
    {
      "id": 641,
      "type": "LoadImage",
      "pos": [
        -339,
        -467
      ],
      "size": {
        "0": 235.36587524414062,
        "1": 314
      },
      "flags": {},
      "order": 3,
      "mode": 0,
      "outputs": [
        {
          "name": "IMAGE",
          "type": "IMAGE",
          "links": [
            1460
          ],
          "slot_index": 0,
          "shape": 3
        },
        {
          "name": "MASK",
          "type": "MASK",
          "links": null,
          "shape": 3
        }
      ],
      "title": "Load face Referecnce",
      "properties": {
        "Node name for S&R": "LoadImage"
      },
      "widgets_values": [
        "han3.jpg",
        "image"
      ],
      "color": "#223",
      "bgcolor": "#335"
    },
    {
      "id": 253,
      "type": "LoadImage",
      "pos": [
        -376,
        38
      ],
      "size": {
        "0": 290.3117370605469,
        "1": 314
      },
      "flags": {},
      "order": 4,
      "mode": 0,
      "outputs": [
        {
          "name": "IMAGE",
          "type": "IMAGE",
          "links": [
            1260,
            1415,
            1467,
            1478
          ],
          "slot_index": 0,
          "shape": 3
        },
        {
          "name": "MASK",
          "type": "MASK",
          "links": [
            1468
          ],
          "slot_index": 1,
          "shape": 3
        }
      ],
      "title": "Load Pose Image",
      "properties": {
        "Node name for S&R": "LoadImage"
      },
      "widgets_values": [
        "clipspace/clipspace-mask-52753467.5.png [input]",
        "image"
      ],
      "color": "#223",
      "bgcolor": "#335"
    },
    {
      "id": 643,
      "type": "KpsMaker",
      "pos": [
        80,
        -465
      ],
      "size": {
        "0": 246.84878540039062,
        "1": 386
      },
      "flags": {},
      "order": 9,
      "mode": 0,
      "inputs": [
        {
          "name": "image_reference",
          "type": "IMAGE",
          "link": 1478
        }
      ],
      "outputs": [
        {
          "name": "control_image",
          "type": "IMAGE",
          "links": [
            1479
          ],
          "slot_index": 0,
          "shape": 3
        },
        {
          "name": "mask",
          "type": "MASK",
          "links": null,
          "shape": 3
        }
      ],
      "properties": {
        "Node name for S&R": "KpsMaker"
      },
      "widgets_values": [
        "fs-52768138.19999999.png",
        3000,
        2000,
        18.824710018240058,
        ""
      ],
      "color": "#432",
      "bgcolor": "#653"
    },
    {
      "id": 241,
      "type": "CheckpointLoaderSimple",
      "pos": [
        -380,
        430
      ],
      "size": {
        "0": 295.705078125,
        "1": 310
      },
      "flags": {},
      "order": 5,
      "mode": 0,
      "outputs": [
        {
          "name": "MODEL",
          "type": "MODEL",
          "links": [
            1493
          ],
          "slot_index": 0,
          "shape": 3
        },
        {
          "name": "CLIP",
          "type": "CLIP",
          "links": [
            1507
          ],
          "slot_index": 1,
          "shape": 3
        },
        {
          "name": "VAE",
          "type": "VAE",
          "links": [
            1026
          ],
          "slot_index": 2,
          "shape": 3
        }
      ],
      "properties": {
        "Node name for S&R": "CheckpointLoaderSimple"
      },
      "widgets_values": [
        "custom_3.9.safetensors"
      ],
      "color": "#223",
      "bgcolor": "#335"
    },
    {
      "id": 359,
      "type": "KSampler",
      "pos": [
        1097,
        420
      ],
      "size": {
        "0": 316.94384765625,
        "1": 486.80694580078125
      },
      "flags": {},
      "order": 39,
      "mode": 0,
      "inputs": [
        {
          "name": "model",
          "type": "MODEL",
          "link": 1494
        },
        {
          "name": "positive",
          "type": "CONDITIONING",
          "link": 1505
        },
        {
          "name": "negative",
          "type": "CONDITIONING",
          "link": 1506
        },
        {
          "name": "latent_image",
          "type": "LATENT",
          "link": 1420
        }
      ],
      "outputs": [
        {
          "name": "LATENT",
          "type": "LATENT",
          "links": [
            1340
          ],
          "slot_index": 0,
          "shape": 3
        }
      ],
      "properties": {
        "Node name for S&R": "KSampler"
      },
      "widgets_values": [
        743668883384598,
        "randomize",
        30,
        3,
        "euler",
        "karras",
        0.7000000000000001
      ],
      "color": "#323",
      "bgcolor": "#535"
    }
  ],
  "links": [
    [
      408,
      262,
      0,
      264,
      0,
      "IMAGE"
    ],
    [
      558,
      262,
      0,
      319,
      0,
      "IMAGE"
    ],
    [
      563,
      319,
      0,
      323,
      0,
      "IMAGE"
    ],
    [
      590,
      319,
      0,
      326,
      0,
      "IMAGE"
    ],
    [
      768,
      392,
      0,
      248,
      1,
      "VAE"
    ],
    [
      781,
      394,
      0,
      396,
      1,
      "IMAGE"
    ],
    [
      797,
      248,
      0,
      394,
      0,
      "IMAGE"
    ],
    [
      828,
      408,
      0,
      262,
      0,
      "MASK"
    ],
    [
      836,
      410,
      0,
      396,
      3,
      "INT"
    ],
    [
      838,
      411,
      0,
      396,
      4,
      "INT"
    ],
    [
      840,
      412,
      0,
      394,
      1,
      "INT"
    ],
    [
      841,
      413,
      0,
      394,
      2,
      "INT"
    ],
    [
      923,
      407,
      0,
      354,
      0,
      "IMAGE"
    ],
    [
      926,
      407,
      0,
      268,
      0,
      "IMAGE"
    ],
    [
      1024,
      474,
      0,
      354,
      1,
      "VAE"
    ],
    [
      1026,
      241,
      2,
      474,
      0,
      "*"
    ],
    [
      1027,
      474,
      0,
      392,
      0,
      "*"
    ],
    [
      1032,
      389,
      0,
      396,
      0,
      "IMAGE"
    ],
    [
      1052,
      481,
      0,
      369,
      0,
      "IMAGE"
    ],
    [
      1260,
      253,
      0,
      579,
      0,
      "*"
    ],
    [
      1281,
      579,
      0,
      258,
      0,
      "IMAGE"
    ],
    [
      1314,
      569,
      0,
      389,
      0,
      "*"
    ],
    [
      1324,
      471,
      0,
      252,
      0,
      "CLIP"
    ],
    [
      1340,
      359,
      0,
      248,
      0,
      "LATENT"
    ],
    [
      1415,
      253,
      0,
      569,
      0,
      "*"
    ],
    [
      1418,
      396,
      0,
      395,
      0,
      "IMAGE"
    ],
    [
      1419,
      354,
      0,
      630,
      0,
      "LATENT"
    ],
    [
      1420,
      630,
      0,
      359,
      3,
      "LATENT"
    ],
    [
      1421,
      323,
      0,
      630,
      1,
      "MASK"
    ],
    [
      1460,
      641,
      0,
      642,
      1,
      "IMAGE"
    ],
    [
      1467,
      253,
      0,
      647,
      0,
      "IMAGE"
    ],
    [
      1468,
      253,
      1,
      647,
      1,
      "MASK"
    ],
    [
      1470,
      647,
      1,
      408,
      0,
      "*"
    ],
    [
      1473,
      647,
      3,
      410,
      0,
      "*"
    ],
    [
      1474,
      647,
      4,
      411,
      0,
      "*"
    ],
    [
      1475,
      647,
      5,
      412,
      0,
      "*"
    ],
    [
      1476,
      647,
      6,
      413,
      0,
      "*"
    ],
    [
      1478,
      253,
      0,
      643,
      0,
      "IMAGE"
    ],
    [
      1479,
      643,
      0,
      648,
      0,
      "IMAGE"
    ],
    [
      1480,
      648,
      0,
      649,
      0,
      "IMAGE"
    ],
    [
      1481,
      647,
      0,
      407,
      0,
      "*"
    ],
    [
      1482,
      647,
      3,
      648,
      3,
      "INT"
    ],
    [
      1483,
      647,
      4,
      648,
      4,
      "INT"
    ],
    [
      1484,
      647,
      5,
      648,
      1,
      "INT"
    ],
    [
      1485,
      647,
      6,
      648,
      2,
      "INT"
    ],
    [
      1486,
      647,
      7,
      649,
      1,
      "INT"
    ],
    [
      1487,
      647,
      8,
      649,
      2,
      "INT"
    ],
    [
      1489,
      649,
      0,
      481,
      0,
      "*"
    ],
    [
      1491,
      650,
      0,
      642,
      0,
      "INSIGHTFACE_APP"
    ],
    [
      1493,
      241,
      0,
      651,
      0,
      "MODEL"
    ],
    [
      1494,
      651,
      0,
      359,
      0,
      "MODEL"
    ],
    [
      1495,
      652,
      0,
      651,
      1,
      "INSTANTID_ADAPTER"
    ],
    [
      1496,
      652,
      1,
      653,
      0,
      "RESAMPLER"
    ],
    [
      1497,
      653,
      0,
      651,
      2,
      "FACE_CONDITIONING"
    ],
    [
      1498,
      642,
      0,
      653,
      1,
      "FACE_EMBED"
    ],
    [
      1499,
      252,
      0,
      654,
      0,
      "CONDITIONING"
    ],
    [
      1500,
      287,
      0,
      654,
      1,
      "CONDITIONING"
    ],
    [
      1501,
      653,
      0,
      654,
      2,
      "FACE_CONDITIONING"
    ],
    [
      1502,
      636,
      0,
      654,
      3,
      "CONTROL_NET"
    ],
    [
      1503,
      481,
      0,
      654,
      4,
      "IMAGE"
    ],
    [
      1505,
      654,
      0,
      359,
      1,
      "CONDITIONING"
    ],
    [
      1506,
      654,
      1,
      359,
      2,
      "CONDITIONING"
    ],
    [
      1507,
      241,
      1,
      471,
      0,
      "*"
    ],
    [
      1508,
      471,
      0,
      287,
      0,
      "CLIP"
    ]
  ],
  "groups": [],
  "config": {},
  "extra": {
    "ds": {
      "scale": 0.9229599817706917,
      "offset": [
        401.3965053855888,
        -141.8504207870262
      ]
    },
    "groupNodes": {}
  },
  "version": 0.4
}