{
  "last_node_id": 676,
  "last_link_id": 1568,
  "nodes": [
    {
      "id": 268,
      "type": "PreviewImage",
      "pos": [
        1260,
        -340
      ],
      "size": {
        "0": 210,
        "1": 246
      },
      "flags": {},
      "order": 36,
      "mode": 0,
      "inputs": [
        {
          "name": "images",
          "type": "IMAGE",
          "link": 926
        }
      ],
      "title": "Image for inpaint",
      "properties": {
        "Node name for S&R": "PreviewImage"
      },
      "color": "#233",
      "bgcolor": "#355"
    },
    {
      "id": 412,
      "type": "Reroute",
      "pos": [
        1201,
        144
      ],
      "size": [
        75,
        26
      ],
      "flags": {},
      "order": 32,
      "mode": 0,
      "inputs": [
        {
          "name": "",
          "type": "*",
          "link": 1475,
          "widget": {
            "name": "value"
          }
        }
      ],
      "outputs": [
        {
          "name": "",
          "type": "INT",
          "links": [
            840
          ],
          "slot_index": 0
        }
      ],
      "properties": {
        "showOutputText": false,
        "horizontal": false
      }
    },
    {
      "id": 413,
      "type": "Reroute",
      "pos": [
        1201,
        164
      ],
      "size": [
        75,
        26
      ],
      "flags": {},
      "order": 33,
      "mode": 0,
      "inputs": [
        {
          "name": "",
          "type": "*",
          "link": 1476,
          "widget": {
            "name": "value"
          }
        }
      ],
      "outputs": [
        {
          "name": "",
          "type": "INT",
          "links": [
            841
          ],
          "slot_index": 0
        }
      ],
      "properties": {
        "showOutputText": false,
        "horizontal": false
      }
    },
    {
      "id": 395,
      "type": "PreviewImage",
      "pos": [
        1440,
        430
      ],
      "size": {
        "0": 612.2093505859375,
        "1": 842.1597900390625
      },
      "flags": {},
      "order": 53,
      "mode": 0,
      "inputs": [
        {
          "name": "images",
          "type": "IMAGE",
          "link": 1535
        }
      ],
      "title": "Output Image",
      "properties": {
        "Node name for S&R": "PreviewImage"
      },
      "color": "#233",
      "bgcolor": "#355"
    },
    {
      "id": 630,
      "type": "SetLatentNoiseMask",
      "pos": [
        894,
        510
      ],
      "size": {
        "0": 210,
        "1": 46
      },
      "flags": {
        "collapsed": true
      },
      "order": 46,
      "mode": 0,
      "inputs": [
        {
          "name": "samples",
          "type": "LATENT",
          "link": 1419
        },
        {
          "name": "mask",
          "type": "MASK",
          "link": 1421
        }
      ],
      "outputs": [
        {
          "name": "LATENT",
          "type": "LATENT",
          "links": [
            1420
          ],
          "slot_index": 0,
          "shape": 3
        }
      ],
      "properties": {
        "Node name for S&R": "SetLatentNoiseMask"
      }
    },
    {
      "id": 354,
      "type": "VAEEncode",
      "pos": [
        751,
        510
      ],
      "size": {
        "0": 309.7555847167969,
        "1": 46
      },
      "flags": {
        "collapsed": true
      },
      "order": 35,
      "mode": 0,
      "inputs": [
        {
          "name": "pixels",
          "type": "IMAGE",
          "link": 923
        },
        {
          "name": "vae",
          "type": "VAE",
          "link": 1024
        }
      ],
      "outputs": [
        {
          "name": "LATENT",
          "type": "LATENT",
          "links": [
            1419
          ],
          "slot_index": 0,
          "shape": 3
        }
      ],
      "properties": {
        "Node name for S&R": "VAEEncode"
      }
    },
    {
      "id": 474,
      "type": "Reroute",
      "pos": [
        416,
        478
      ],
      "size": [
        75,
        26
      ],
      "flags": {},
      "order": 12,
      "mode": 0,
      "inputs": [
        {
          "name": "",
          "type": "*",
          "link": 1026
        }
      ],
      "outputs": [
        {
          "name": "",
          "type": "VAE",
          "links": [
            1024,
            1027
          ],
          "slot_index": 0
        }
      ],
      "properties": {
        "showOutputText": false,
        "horizontal": false
      }
    },
    {
      "id": 248,
      "type": "VAEDecode",
      "pos": [
        1438,
        323
      ],
      "size": {
        "0": 140,
        "1": 46
      },
      "flags": {
        "collapsed": true
      },
      "order": 48,
      "mode": 0,
      "inputs": [
        {
          "name": "samples",
          "type": "LATENT",
          "link": 1340
        },
        {
          "name": "vae",
          "type": "VAE",
          "link": 768
        }
      ],
      "outputs": [
        {
          "name": "IMAGE",
          "type": "IMAGE",
          "links": [
            797
          ],
          "slot_index": 0,
          "shape": 3
        }
      ],
      "properties": {
        "Node name for S&R": "VAEDecode"
      }
    },
    {
      "id": 392,
      "type": "Reroute",
      "pos": [
        756,
        293
      ],
      "size": [
        75,
        26
      ],
      "flags": {},
      "order": 21,
      "mode": 0,
      "inputs": [
        {
          "name": "",
          "type": "*",
          "link": 1027
        }
      ],
      "outputs": [
        {
          "name": "",
          "type": "VAE",
          "links": [
            768
          ],
          "slot_index": 0
        }
      ],
      "properties": {
        "showOutputText": false,
        "horizontal": false
      }
    },
    {
      "id": 262,
      "type": "MaskToImage",
      "pos": [
        1240,
        20
      ],
      "size": {
        "0": 210,
        "1": 26
      },
      "flags": {
        "collapsed": true
      },
      "order": 37,
      "mode": 0,
      "inputs": [
        {
          "name": "mask",
          "type": "MASK",
          "link": 828,
          "slot_index": 0
        }
      ],
      "outputs": [
        {
          "name": "IMAGE",
          "type": "IMAGE",
          "links": [
            408,
            558
          ],
          "slot_index": 0,
          "shape": 3
        }
      ],
      "properties": {
        "Node name for S&R": "MaskToImage"
      }
    },
    {
      "id": 323,
      "type": "ImageToMask",
      "pos": [
        1790,
        20
      ],
      "size": {
        "0": 315,
        "1": 58
      },
      "flags": {
        "collapsed": true
      },
      "order": 42,
      "mode": 0,
      "inputs": [
        {
          "name": "image",
          "type": "IMAGE",
          "link": 563
        }
      ],
      "outputs": [
        {
          "name": "MASK",
          "type": "MASK",
          "links": [
            1421
          ],
          "slot_index": 0,
          "shape": 3
        }
      ],
      "properties": {
        "Node name for S&R": "ImageToMask"
      },
      "widgets_values": [
        "red"
      ]
    },
    {
      "id": 264,
      "type": "PreviewImage",
      "pos": [
        1500,
        -340
      ],
      "size": {
        "0": 210,
        "1": 246
      },
      "flags": {},
      "order": 39,
      "mode": 0,
      "inputs": [
        {
          "name": "images",
          "type": "IMAGE",
          "link": 408
        }
      ],
      "title": "Mask",
      "properties": {
        "Node name for S&R": "PreviewImage"
      },
      "color": "#233",
      "bgcolor": "#355"
    },
    {
      "id": 410,
      "type": "Reroute",
      "pos": [
        1118,
        104
      ],
      "size": [
        75,
        26
      ],
      "flags": {},
      "order": 30,
      "mode": 0,
      "inputs": [
        {
          "name": "",
          "type": "*",
          "link": 1473,
          "widget": {
            "name": "value"
          }
        }
      ],
      "outputs": [
        {
          "name": "",
          "type": "INT",
          "links": [
            836
          ],
          "slot_index": 0
        }
      ],
      "properties": {
        "showOutputText": false,
        "horizontal": false
      }
    },
    {
      "id": 411,
      "type": "Reroute",
      "pos": [
        1118,
        124
      ],
      "size": [
        75,
        26
      ],
      "flags": {},
      "order": 31,
      "mode": 0,
      "inputs": [
        {
          "name": "",
          "type": "*",
          "link": 1474,
          "widget": {
            "name": "value"
          }
        }
      ],
      "outputs": [
        {
          "name": "",
          "type": "INT",
          "links": [
            838
          ]
        }
      ],
      "properties": {
        "showOutputText": false,
        "horizontal": false
      }
    },
    {
      "id": 369,
      "type": "PreviewImage",
      "pos": [
        1020,
        -340
      ],
      "size": {
        "0": 210,
        "1": 246
      },
      "flags": {},
      "order": 44,
      "mode": 0,
      "inputs": [
        {
          "name": "images",
          "type": "IMAGE",
          "link": 1052
        }
      ],
      "title": "InstantId Control Image",
      "properties": {
        "Node name for S&R": "PreviewImage"
      },
      "color": "#233",
      "bgcolor": "#355"
    },
    {
      "id": 326,
      "type": "PreviewImage",
      "pos": [
        1740,
        -340
      ],
      "size": {
        "0": 210,
        "1": 246
      },
      "flags": {},
      "order": 43,
      "mode": 0,
      "inputs": [
        {
          "name": "images",
          "type": "IMAGE",
          "link": 590
        }
      ],
      "title": "Blurred Mask",
      "properties": {
        "Node name for S&R": "PreviewImage"
      },
      "color": "#233",
      "bgcolor": "#355"
    },
    {
      "id": 649,
      "type": "ImageScale",
      "pos": [
        775,
        -144
      ],
      "size": {
        "0": 315,
        "1": 130
      },
      "flags": {
        "collapsed": true
      },
      "order": 38,
      "mode": 0,
      "inputs": [
        {
          "name": "image",
          "type": "IMAGE",
          "link": 1480
        },
        {
          "name": "width",
          "type": "INT",
          "link": 1486,
          "widget": {
            "name": "width"
          }
        },
        {
          "name": "height",
          "type": "INT",
          "link": 1487,
          "widget": {
            "name": "height"
          }
        }
      ],
      "outputs": [
        {
          "name": "IMAGE",
          "type": "IMAGE",
          "links": [
            1489
          ],
          "slot_index": 0,
          "shape": 3
        }
      ],
      "properties": {
        "Node name for S&R": "ImageScale"
      },
      "widgets_values": [
        "nearest-exact",
        512,
        512,
        "disabled"
      ]
    },
    {
      "id": 650,
      "type": "LoadInsightface",
      "pos": [
        -870,
        -130
      ],
      "size": {
        "0": 210,
        "1": 26
      },
      "flags": {},
      "order": 0,
      "mode": 0,
      "outputs": [
        {
          "name": "insightface",
          "type": "INSIGHTFACE_APP",
          "links": [
            1491
          ],
          "slot_index": 0,
          "shape": 3
        }
      ],
      "properties": {
        "Node name for S&R": "LoadInsightface"
      },
      "color": "#432",
      "bgcolor": "#653"
    },
    {
      "id": 408,
      "type": "Reroute",
      "pos": [
        826,
        -9
      ],
      "size": [
        75,
        26
      ],
      "flags": {},
      "order": 29,
      "mode": 0,
      "inputs": [
        {
          "name": "",
          "type": "*",
          "link": 1504
        }
      ],
      "outputs": [
        {
          "name": "",
          "type": "MASK",
          "links": [
            828
          ],
          "slot_index": 0
        }
      ],
      "properties": {
        "showOutputText": false,
        "horizontal": false
      }
    },
    {
      "id": 648,
      "type": "ImageCrop",
      "pos": [
        638,
        -145
      ],
      "size": {
        "0": 315,
        "1": 130
      },
      "flags": {
        "collapsed": true
      },
      "order": 34,
      "mode": 0,
      "inputs": [
        {
          "name": "image",
          "type": "IMAGE",
          "link": 1549
        },
        {
          "name": "width",
          "type": "INT",
          "link": 1484,
          "widget": {
            "name": "width"
          }
        },
        {
          "name": "height",
          "type": "INT",
          "link": 1485,
          "widget": {
            "name": "height"
          }
        },
        {
          "name": "x",
          "type": "INT",
          "link": 1482,
          "widget": {
            "name": "x"
          }
        },
        {
          "name": "y",
          "type": "INT",
          "link": 1483,
          "widget": {
            "name": "y"
          }
        }
      ],
      "outputs": [
        {
          "name": "IMAGE",
          "type": "IMAGE",
          "links": [
            1480
          ],
          "slot_index": 0,
          "shape": 3
        }
      ],
      "properties": {
        "Node name for S&R": "ImageCrop"
      },
      "widgets_values": [
        512,
        512,
        0,
        0
      ]
    },
    {
      "id": 655,
      "type": "Reroute",
      "pos": [
        1979,
        -377
      ],
      "size": [
        75,
        26
      ],
      "flags": {},
      "order": 13,
      "mode": 0,
      "inputs": [
        {
          "name": "",
          "type": "*",
          "link": 1503,
          "widget": {
            "name": "value"
          }
        }
      ],
      "outputs": [
        {
          "name": "",
          "type": "FLOAT",
          "links": [
            1537
          ],
          "slot_index": 0
        }
      ],
      "properties": {
        "showOutputText": false,
        "horizontal": false
      }
    },
    {
      "id": 258,
      "type": "PreviewImage",
      "pos": [
        2100,
        433
      ],
      "size": {
        "0": 612.114013671875,
        "1": 845.9668579101562
      },
      "flags": {},
      "order": 17,
      "mode": 0,
      "inputs": [
        {
          "name": "images",
          "type": "IMAGE",
          "link": 1552
        }
      ],
      "title": "Input Image",
      "properties": {
        "Node name for S&R": "PreviewImage"
      },
      "color": "#233",
      "bgcolor": "#355"
    },
    {
      "id": 394,
      "type": "ImageScale",
      "pos": [
        1607,
        197
      ],
      "size": {
        "0": 315,
        "1": 130
      },
      "flags": {
        "collapsed": true
      },
      "order": 49,
      "mode": 0,
      "inputs": [
        {
          "name": "image",
          "type": "IMAGE",
          "link": 797
        },
        {
          "name": "width",
          "type": "INT",
          "link": 840,
          "widget": {
            "name": "width"
          }
        },
        {
          "name": "height",
          "type": "INT",
          "link": 841,
          "widget": {
            "name": "height"
          }
        }
      ],
      "outputs": [
        {
          "name": "IMAGE",
          "type": "IMAGE",
          "links": [
            781
          ],
          "slot_index": 0,
          "shape": 3
        }
      ],
      "properties": {
        "Node name for S&R": "ImageScale"
      },
      "widgets_values": [
        "bilinear",
        512,
        512,
        "disabled"
      ]
    },
    {
      "id": 647,
      "type": "PreprocessImage",
      "pos": [
        315,
        39
      ],
      "size": {
        "0": 267.10882568359375,
        "1": 290
      },
      "flags": {},
      "order": 27,
      "mode": 0,
      "inputs": [
        {
          "name": "image",
          "type": "IMAGE",
          "link": 1545
        },
        {
          "name": "mask",
          "type": "MASK",
          "link": 1531
        },
        {
          "name": "insightface",
          "type": "INSIGHTFACE_APP",
          "link": null
        }
      ],
      "outputs": [
        {
          "name": "resized_image",
          "type": "IMAGE",
          "links": [
            1481
          ],
          "shape": 3
        },
        {
          "name": "mask",
          "type": "MASK",
          "links": [
            1504
          ],
          "shape": 3
        },
        {
          "name": "control_image",
          "type": "IMAGE",
          "links": [],
          "shape": 3
        },
        {
          "name": "x",
          "type": "INT",
          "links": [
            1473,
            1482
          ],
          "slot_index": 3,
          "shape": 3
        },
        {
          "name": "y",
          "type": "INT",
          "links": [
            1474,
            1483
          ],
          "slot_index": 4,
          "shape": 3
        },
        {
          "name": "original_width",
          "type": "INT",
          "links": [
            1475,
            1484
          ],
          "slot_index": 5,
          "shape": 3
        },
        {
          "name": "original_height",
          "type": "INT",
          "links": [
            1476,
            1485
          ],
          "slot_index": 6,
          "shape": 3
        },
        {
          "name": "new_width",
          "type": "INT",
          "links": [
            1486
          ],
          "slot_index": 7,
          "shape": 3
        },
        {
          "name": "new_height",
          "type": "INT",
          "links": [
            1487
          ],
          "slot_index": 8,
          "shape": 3
        }
      ],
      "properties": {
        "Node name for S&R": "PreprocessImage"
      },
      "widgets_values": [
        1024,
        1024,
        "auto",
        100
      ],
      "color": "#432",
      "bgcolor": "#653"
    },
    {
      "id": 665,
      "type": "ImageToMask",
      "pos": [
        76,
        89
      ],
      "size": {
        "0": 315,
        "1": 58
      },
      "flags": {
        "collapsed": true
      },
      "order": 25,
      "mode": 0,
      "inputs": [
        {
          "name": "image",
          "type": "IMAGE",
          "link": 1541
        }
      ],
      "outputs": [
        {
          "name": "MASK",
          "type": "MASK",
          "links": [
            1531
          ],
          "slot_index": 0,
          "shape": 3
        }
      ],
      "properties": {
        "Node name for S&R": "ImageToMask"
      },
      "widgets_values": [
        "red"
      ]
    },
    {
      "id": 667,
      "type": "ComposeRotated",
      "pos": [
        2285,
        73
      ],
      "size": {
        "0": 254.40000915527344,
        "1": 46
      },
      "flags": {
        "collapsed": true
      },
      "order": 52,
      "mode": 0,
      "inputs": [
        {
          "name": "original_image",
          "type": "IMAGE",
          "link": 1533
        },
        {
          "name": "rotated_image",
          "type": "IMAGE",
          "link": 1538
        }
      ],
      "outputs": [
        {
          "name": "image",
          "type": "IMAGE",
          "links": [
            1535
          ],
          "slot_index": 0,
          "shape": 3
        }
      ],
      "properties": {
        "Node name for S&R": "ComposeRotated"
      },
      "color": "#432",
      "bgcolor": "#653"
    },
    {
      "id": 664,
      "type": "MaskToImage",
      "pos": [
        -298,
        89
      ],
      "size": {
        "0": 210,
        "1": 26
      },
      "flags": {
        "collapsed": true
      },
      "order": 10,
      "mode": 0,
      "inputs": [
        {
          "name": "mask",
          "type": "MASK",
          "link": 1530
        }
      ],
      "outputs": [
        {
          "name": "IMAGE",
          "type": "IMAGE",
          "links": [
            1539
          ],
          "slot_index": 0,
          "shape": 3
        }
      ],
      "properties": {
        "Node name for S&R": "MaskToImage"
      }
    },
    {
      "id": 579,
      "type": "Reroute",
      "pos": [
        1973,
        43
      ],
      "size": [
        75,
        26
      ],
      "flags": {},
      "order": 22,
      "mode": 0,
      "inputs": [
        {
          "name": "",
          "type": "*",
          "link": 1544
        }
      ],
      "outputs": [
        {
          "name": "",
          "type": "IMAGE",
          "links": [],
          "slot_index": 0
        }
      ],
      "properties": {
        "showOutputText": false,
        "horizontal": false
      }
    },
    {
      "id": 668,
      "type": "RotateImage",
      "pos": [
        2099,
        150
      ],
      "size": {
        "0": 315,
        "1": 82
      },
      "flags": {
        "collapsed": true
      },
      "order": 51,
      "mode": 0,
      "inputs": [
        {
          "name": "image",
          "type": "IMAGE",
          "link": 1536
        },
        {
          "name": "angle",
          "type": "FLOAT",
          "link": 1537,
          "widget": {
            "name": "angle"
          }
        }
      ],
      "outputs": [
        {
          "name": "rotated_image",
          "type": "IMAGE",
          "links": [
            1538
          ],
          "shape": 3
        }
      ],
      "properties": {
        "Node name for S&R": "RotateImage"
      },
      "widgets_values": [
        0,
        false
      ],
      "color": "#432",
      "bgcolor": "#653"
    },
    {
      "id": 671,
      "type": "RotateImage",
      "pos": [
        442,
        -338
      ],
      "size": {
        "0": 315,
        "1": 82
      },
      "flags": {
        "collapsed": true
      },
      "order": 16,
      "mode": 0,
      "inputs": [
        {
          "name": "image",
          "type": "IMAGE",
          "link": 1547
        },
        {
          "name": "angle",
          "type": "FLOAT",
          "link": 1548,
          "widget": {
            "name": "angle"
          }
        }
      ],
      "outputs": [
        {
          "name": "rotated_image",
          "type": "IMAGE",
          "links": [
            1549
          ],
          "shape": 3
        }
      ],
      "properties": {
        "Node name for S&R": "RotateImage"
      },
      "widgets_values": [
        0,
        true
      ],
      "color": "#432",
      "bgcolor": "#653"
    },
    {
      "id": 569,
      "type": "Reroute",
      "pos": [
        206,
        313
      ],
      "size": [
        75,
        26
      ],
      "flags": {},
      "order": 23,
      "mode": 0,
      "inputs": [
        {
          "name": "",
          "type": "*",
          "link": 1546
        }
      ],
      "outputs": [
        {
          "name": "",
          "type": "IMAGE",
          "links": [
            1314
          ],
          "slot_index": 0
        }
      ],
      "properties": {
        "showOutputText": false,
        "horizontal": false
      }
    },
    {
      "id": 669,
      "type": "RotateImage",
      "pos": [
        -76,
        88
      ],
      "size": {
        "0": 315,
        "1": 82
      },
      "flags": {
        "collapsed": true
      },
      "order": 18,
      "mode": 0,
      "inputs": [
        {
          "name": "image",
          "type": "IMAGE",
          "link": 1539
        },
        {
          "name": "angle",
          "type": "FLOAT",
          "link": 1540,
          "widget": {
            "name": "angle"
          }
        }
      ],
      "outputs": [
        {
          "name": "rotated_image",
          "type": "IMAGE",
          "links": [
            1541
          ],
          "shape": 3
        }
      ],
      "properties": {
        "Node name for S&R": "RotateImage"
      },
      "widgets_values": [
        0,
        true
      ],
      "color": "#432",
      "bgcolor": "#653"
    },
    {
      "id": 670,
      "type": "RotateImage",
      "pos": [
        -76,
        70
      ],
      "size": {
        "0": 315,
        "1": 82
      },
      "flags": {
        "collapsed": true
      },
      "order": 14,
      "mode": 0,
      "inputs": [
        {
          "name": "image",
          "type": "IMAGE",
          "link": 1542
        },
        {
          "name": "angle",
          "type": "FLOAT",
          "link": 1543,
          "widget": {
            "name": "angle"
          }
        }
      ],
      "outputs": [
        {
          "name": "rotated_image",
          "type": "IMAGE",
          "links": [
            1544,
            1545,
            1546
          ],
          "shape": 3
        }
      ],
      "properties": {
        "Node name for S&R": "RotateImage"
      },
      "widgets_values": [
        0,
        true
      ],
      "color": "#432",
      "bgcolor": "#653"
    },
    {
      "id": 389,
      "type": "Reroute",
      "pos": [
        1708,
        311
      ],
      "size": [
        75,
        26
      ],
      "flags": {},
      "order": 26,
      "mode": 0,
      "inputs": [
        {
          "name": "",
          "type": "*",
          "link": 1314
        }
      ],
      "outputs": [
        {
          "name": "",
          "type": "IMAGE",
          "links": [
            1032
          ],
          "slot_index": 0
        }
      ],
      "properties": {
        "showOutputText": false,
        "horizontal": false
      }
    },
    {
      "id": 396,
      "type": "ImageCompositeMasked",
      "pos": [
        1838,
        149
      ],
      "size": {
        "0": 327.45550537109375,
        "1": 140.86239624023438
      },
      "flags": {
        "collapsed": true
      },
      "order": 50,
      "mode": 0,
      "inputs": [
        {
          "name": "destination",
          "type": "IMAGE",
          "link": 1032
        },
        {
          "name": "source",
          "type": "IMAGE",
          "link": 781
        },
        {
          "name": "mask",
          "type": "MASK",
          "link": null
        },
        {
          "name": "x",
          "type": "INT",
          "link": 836,
          "widget": {
            "name": "x"
          }
        },
        {
          "name": "y",
          "type": "INT",
          "link": 838,
          "widget": {
            "name": "y"
          }
        }
      ],
      "outputs": [
        {
          "name": "IMAGE",
          "type": "IMAGE",
          "links": [
            1536
          ],
          "slot_index": 0,
          "shape": 3
        }
      ],
      "properties": {
        "Node name for S&R": "ImageCompositeMasked"
      },
      "widgets_values": [
        0,
        0,
        false
      ]
    },
    {
      "id": 407,
      "type": "Reroute",
      "pos": [
        1122,
        42
      ],
      "size": [
        75,
        26
      ],
      "flags": {},
      "order": 28,
      "mode": 0,
      "inputs": [
        {
          "name": "",
          "type": "*",
          "link": 1481
        }
      ],
      "outputs": [
        {
          "name": "",
          "type": "IMAGE",
          "links": [
            923,
            926
          ],
          "slot_index": 0
        }
      ],
      "properties": {
        "showOutputText": false,
        "horizontal": false
      }
    },
    {
      "id": 672,
      "type": "Reroute",
      "pos": [
        207,
        402
      ],
      "size": [
        75,
        26
      ],
      "flags": {},
      "order": 9,
      "mode": 0,
      "inputs": [
        {
          "name": "",
          "type": "*",
          "link": 1551
        }
      ],
      "outputs": [
        {
          "name": "",
          "type": "IMAGE",
          "links": [
            1552
          ],
          "slot_index": 0
        }
      ],
      "properties": {
        "showOutputText": false,
        "horizontal": false
      }
    },
    {
      "id": 673,
      "type": "InstantIdAdapterApply",
      "pos": [
        330,
        596
      ],
      "size": {
        "0": 315,
        "1": 98
      },
      "flags": {},
      "order": 24,
      "mode": 0,
      "inputs": [
        {
          "name": "model",
          "type": "MODEL",
          "link": 1555
        },
        {
          "name": "instantId_adapter",
          "type": "INSTANTID_ADAPTER",
          "link": 1556
        },
        {
          "name": "face_conditioning",
          "type": "FACE_CONDITIONING",
          "link": 1559
        }
      ],
      "outputs": [
        {
          "name": "model",
          "type": "MODEL",
          "links": [
            1554
          ],
          "slot_index": 0,
          "shape": 3
        }
      ],
      "properties": {
        "Node name for S&R": "InstantIdAdapterApply"
      },
      "widgets_values": [
        0.8
      ],
      "color": "#432",
      "bgcolor": "#653"
    },
    {
      "id": 674,
      "type": "LoadInstantIdAdapter",
      "pos": [
        -651,
        808
      ],
      "size": {
        "0": 315,
        "1": 78
      },
      "flags": {},
      "order": 1,
      "mode": 0,
      "outputs": [
        {
          "name": "InstantId_adapter",
          "type": "INSTANTID_ADAPTER",
          "links": [
            1556
          ],
          "slot_index": 0,
          "shape": 3
        },
        {
          "name": "resampler",
          "type": "RESAMPLER",
          "links": [
            1557
          ],
          "slot_index": 1,
          "shape": 3
        }
      ],
      "properties": {
        "Node name for S&R": "LoadInstantIdAdapter"
      },
      "widgets_values": [
        "ip-adapter.bin"
      ]
    },
    {
      "id": 642,
      "type": "FaceEmbed",
      "pos": [
        -572,
        -78
      ],
      "size": {
        "0": 292.20001220703125,
        "1": 66
      },
      "flags": {
        "collapsed": true
      },
      "order": 7,
      "mode": 0,
      "inputs": [
        {
          "name": "insightface",
          "type": "INSIGHTFACE_APP",
          "link": 1491
        },
        {
          "name": "face_image",
          "type": "IMAGE",
          "link": 1460
        },
        {
          "name": "face_embeds",
          "type": "FACE_EMBED",
          "link": null
        }
      ],
      "outputs": [
        {
          "name": "face embeds",
          "type": "FACE_EMBED",
          "links": [
            1558
          ],
          "slot_index": 0,
          "shape": 3
        }
      ],
      "properties": {
        "Node name for S&R": "FaceEmbed"
      },
      "color": "#432",
      "bgcolor": "#653"
    },
    {
      "id": 636,
      "type": "ControlNetLoader",
      "pos": [
        -650,
        950
      ],
      "size": {
        "0": 315,
        "1": 58
      },
      "flags": {},
      "order": 2,
      "mode": 0,
      "outputs": [
        {
          "name": "CONTROL_NET",
          "type": "CONTROL_NET",
          "links": [
            1561
          ],
          "slot_index": 0,
          "shape": 3
        }
      ],
      "properties": {
        "Node name for S&R": "ControlNetLoader"
      },
      "widgets_values": [
        "ControlNetModel\\diffusion_pytorch_model.safetensors"
      ],
      "color": "#223",
      "bgcolor": "#335"
    },
    {
      "id": 675,
      "type": "FaceEmbedCombine",
      "pos": [
        -87,
        335
      ],
      "size": {
        "0": 367.79998779296875,
        "1": 46
      },
      "flags": {
        "collapsed": true
      },
      "order": 15,
      "mode": 0,
      "inputs": [
        {
          "name": "resampler",
          "type": "RESAMPLER",
          "link": 1557
        },
        {
          "name": "face_embeds",
          "type": "FACE_EMBED",
          "link": 1558
        }
      ],
      "outputs": [
        {
          "name": "face conditioning",
          "type": "FACE_CONDITIONING",
          "links": [
            1559,
            1560
          ],
          "slot_index": 0,
          "shape": 3
        }
      ],
      "properties": {
        "Node name for S&R": "FaceEmbedCombine"
      }
    },
    {
      "id": 481,
      "type": "Reroute",
      "pos": [
        919,
        -172
      ],
      "size": [
        75,
        26
      ],
      "flags": {},
      "order": 41,
      "mode": 0,
      "inputs": [
        {
          "name": "",
          "type": "*",
          "link": 1489
        }
      ],
      "outputs": [
        {
          "name": "",
          "type": "IMAGE",
          "links": [
            1052,
            1567
          ],
          "slot_index": 0
        }
      ],
      "properties": {
        "showOutputText": false,
        "horizontal": false
      }
    },
    {
      "id": 252,
      "type": "CLIPTextEncode",
      "pos": [
        330,
        785
      ],
      "size": {
        "0": 321.2493896484375,
        "1": 112.86385345458984
      },
      "flags": {},
      "order": 19,
      "mode": 0,
      "inputs": [
        {
          "name": "clip",
          "type": "CLIP",
          "link": 1324
        }
      ],
      "outputs": [
        {
          "name": "CONDITIONING",
          "type": "CONDITIONING",
          "links": [
            1562
          ],
          "slot_index": 0,
          "shape": 3
        }
      ],
      "title": "Positive Prompt",
      "properties": {
        "Node name for S&R": "CLIPTextEncode"
      },
      "widgets_values": [
        ""
      ],
      "color": "#232",
      "bgcolor": "#353"
    },
    {
      "id": 287,
      "type": "CLIPTextEncode",
      "pos": [
        328,
        930
      ],
      "size": {
        "0": 323.7601013183594,
        "1": 111.55984497070312
      },
      "flags": {},
      "order": 20,
      "mode": 0,
      "inputs": [
        {
          "name": "clip",
          "type": "CLIP",
          "link": 1568
        }
      ],
      "outputs": [
        {
          "name": "CONDITIONING",
          "type": "CONDITIONING",
          "links": [
            1563
          ],
          "slot_index": 0,
          "shape": 3
        }
      ],
      "title": "Negative Prompt",
      "properties": {
        "Node name for S&R": "CLIPTextEncode"
      },
      "widgets_values": [
        ""
      ],
      "color": "#322",
      "bgcolor": "#533"
    },
    {
      "id": 641,
      "type": "LoadImage",
      "pos": [
        -600,
        -460
      ],
      "size": {
        "0": 235.36587524414062,
        "1": 314
      },
      "flags": {},
      "order": 3,
      "mode": 0,
      "outputs": [
        {
          "name": "IMAGE",
          "type": "IMAGE",
          "links": [
            1460
          ],
          "slot_index": 0,
          "shape": 3
        },
        {
          "name": "MASK",
          "type": "MASK",
          "links": null,
          "shape": 3
        }
      ],
      "title": "Load face Referecnce",
      "properties": {
        "Node name for S&R": "LoadImage"
      },
      "widgets_values": [
        "han3.jpg",
        "image"
      ],
      "color": "#223",
      "bgcolor": "#335"
    },
    {
      "id": 253,
      "type": "LoadImage",
      "pos": [
        -620,
        40
      ],
      "size": {
        "0": 290.3117370605469,
        "1": 314
      },
      "flags": {},
      "order": 4,
      "mode": 0,
      "outputs": [
        {
          "name": "IMAGE",
          "type": "IMAGE",
          "links": [
            1478,
            1533,
            1542,
            1551
          ],
          "slot_index": 0,
          "shape": 3
        },
        {
          "name": "MASK",
          "type": "MASK",
          "links": [
            1530
          ],
          "slot_index": 1,
          "shape": 3
        }
      ],
      "title": "Load Pose Image",
      "properties": {
        "Node name for S&R": "LoadImage"
      },
      "widgets_values": [
        "clipspace/clipspace-mask-52944009.png [input]",
        "image"
      ],
      "color": "#223",
      "bgcolor": "#335"
    },
    {
      "id": 471,
      "type": "Reroute",
      "pos": [
        229,
        784
      ],
      "size": [
        75,
        26
      ],
      "flags": {},
      "order": 11,
      "mode": 0,
      "inputs": [
        {
          "name": "",
          "type": "*",
          "link": 1015
        }
      ],
      "outputs": [
        {
          "name": "",
          "type": "CLIP",
          "links": [
            1324,
            1568
          ],
          "slot_index": 0
        }
      ],
      "properties": {
        "showOutputText": false,
        "horizontal": false
      }
    },
    {
      "id": 319,
      "type": "ImageBlur",
      "pos": [
        1450,
        -10
      ],
      "size": {
        "0": 315,
        "1": 82
      },
      "flags": {
        "collapsed": false
      },
      "order": 40,
      "mode": 0,
      "inputs": [
        {
          "name": "image",
          "type": "IMAGE",
          "link": 558
        }
      ],
      "outputs": [
        {
          "name": "IMAGE",
          "type": "IMAGE",
          "links": [
            563,
            590
          ],
          "slot_index": 0,
          "shape": 3
        }
      ],
      "properties": {
        "Node name for S&R": "ImageBlur"
      },
      "widgets_values": [
        1,
        0.1
      ],
      "color": "#323",
      "bgcolor": "#535"
    },
    {
      "id": 643,
      "type": "KpsMaker",
      "pos": [
        143,
        -477
      ],
      "size": {
        "0": 246.84878540039062,
        "1": 386
      },
      "flags": {},
      "order": 8,
      "mode": 0,
      "inputs": [
        {
          "name": "image_reference",
          "type": "IMAGE",
          "link": 1478
        }
      ],
      "outputs": [
        {
          "name": "control_image",
          "type": "IMAGE",
          "links": [
            1547
          ],
          "slot_index": 0,
          "shape": 3
        },
        {
          "name": "mask",
          "type": "MASK",
          "links": null,
          "shape": 3
        }
      ],
      "properties": {
        "Node name for S&R": "KpsMaker"
      },
      "widgets_values": [
        "fs-52922231.399999976.png",
        3000,
        2000,
        23.962488974578182,
        ""
      ],
      "color": "#432",
      "bgcolor": "#653"
    },
    {
      "id": 676,
      "type": "ControlNetInstantIdApply",
      "pos": [
        708,
        601
      ],
      "size": {
        "0": 357.776611328125,
        "1": 138
      },
      "flags": {},
      "order": 45,
      "mode": 0,
      "inputs": [
        {
          "name": "positive",
          "type": "CONDITIONING",
          "link": 1562
        },
        {
          "name": "negative",
          "type": "CONDITIONING",
          "link": 1563
        },
        {
          "name": "face_conditioning",
          "type": "FACE_CONDITIONING",
          "link": 1560
        },
        {
          "name": "control_net",
          "type": "CONTROL_NET",
          "link": 1561
        },
        {
          "name": "image",
          "type": "IMAGE",
          "link": 1567
        }
      ],
      "outputs": [
        {
          "name": "positive",
          "type": "CONDITIONING",
          "links": [
            1565
          ],
          "slot_index": 0,
          "shape": 3
        },
        {
          "name": "negative",
          "type": "CONDITIONING",
          "links": [
            1566
          ],
          "slot_index": 1,
          "shape": 3
        }
      ],
      "properties": {
        "Node name for S&R": "ControlNetInstantIdApply"
      },
      "widgets_values": [
        0.7000000000000001
      ],
      "color": "#432",
      "bgcolor": "#653"
    },
    {
      "id": 241,
      "type": "CheckpointLoaderSimple",
      "pos": [
        -630,
        430
      ],
      "size": {
        "0": 295.705078125,
        "1": 310
      },
      "flags": {},
      "order": 5,
      "mode": 0,
      "outputs": [
        {
          "name": "MODEL",
          "type": "MODEL",
          "links": [
            1555
          ],
          "slot_index": 0,
          "shape": 3
        },
        {
          "name": "CLIP",
          "type": "CLIP",
          "links": [
            1015
          ],
          "slot_index": 1,
          "shape": 3
        },
        {
          "name": "VAE",
          "type": "VAE",
          "links": [
            1026
          ],
          "slot_index": 2,
          "shape": 3
        }
      ],
      "properties": {
        "Node name for S&R": "CheckpointLoaderSimple"
      },
      "widgets_values": [
        "custom_3.9.safetensors"
      ],
      "color": "#223",
      "bgcolor": "#335"
    },
    {
      "id": 653,
      "type": "PrimitiveNode",
      "pos": [
        -78,
        -371
      ],
      "size": {
        "0": 210,
        "1": 82
      },
      "flags": {
        "collapsed": false
      },
      "order": 6,
      "mode": 0,
      "outputs": [
        {
          "name": "FLOAT",
          "type": "FLOAT",
          "links": [
            1503,
            1540,
            1543,
            1548
          ],
          "slot_index": 0,
          "widget": {
            "name": "value"
          }
        }
      ],
      "title": "ANGLE",
      "properties": {
        "Run widget replace on values": false
      },
      "widgets_values": [
        0,
        "fixed"
      ],
      "color": "#323",
      "bgcolor": "#535"
    },
    {
      "id": 359,
      "type": "KSampler",
      "pos": [
        1097,
        420
      ],
      "size": {
        "0": 316.94384765625,
        "1": 486.80694580078125
      },
      "flags": {},
      "order": 47,
      "mode": 0,
      "inputs": [
        {
          "name": "model",
          "type": "MODEL",
          "link": 1554
        },
        {
          "name": "positive",
          "type": "CONDITIONING",
          "link": 1565
        },
        {
          "name": "negative",
          "type": "CONDITIONING",
          "link": 1566
        },
        {
          "name": "latent_image",
          "type": "LATENT",
          "link": 1420
        }
      ],
      "outputs": [
        {
          "name": "LATENT",
          "type": "LATENT",
          "links": [
            1340
          ],
          "slot_index": 0,
          "shape": 3
        }
      ],
      "properties": {
        "Node name for S&R": "KSampler"
      },
      "widgets_values": [
        930143501615199,
        "fixed",
        30,
        3,
        "euler",
        "karras",
        0.7000000000000001
      ],
      "color": "#323",
      "bgcolor": "#535"
    }
  ],
  "links": [
    [
      408,
      262,
      0,
      264,
      0,
      "IMAGE"
    ],
    [
      558,
      262,
      0,
      319,
      0,
      "IMAGE"
    ],
    [
      563,
      319,
      0,
      323,
      0,
      "IMAGE"
    ],
    [
      590,
      319,
      0,
      326,
      0,
      "IMAGE"
    ],
    [
      768,
      392,
      0,
      248,
      1,
      "VAE"
    ],
    [
      781,
      394,
      0,
      396,
      1,
      "IMAGE"
    ],
    [
      797,
      248,
      0,
      394,
      0,
      "IMAGE"
    ],
    [
      828,
      408,
      0,
      262,
      0,
      "MASK"
    ],
    [
      836,
      410,
      0,
      396,
      3,
      "INT"
    ],
    [
      838,
      411,
      0,
      396,
      4,
      "INT"
    ],
    [
      840,
      412,
      0,
      394,
      1,
      "INT"
    ],
    [
      841,
      413,
      0,
      394,
      2,
      "INT"
    ],
    [
      923,
      407,
      0,
      354,
      0,
      "IMAGE"
    ],
    [
      926,
      407,
      0,
      268,
      0,
      "IMAGE"
    ],
    [
      1015,
      241,
      1,
      471,
      0,
      "*"
    ],
    [
      1024,
      474,
      0,
      354,
      1,
      "VAE"
    ],
    [
      1026,
      241,
      2,
      474,
      0,
      "*"
    ],
    [
      1027,
      474,
      0,
      392,
      0,
      "*"
    ],
    [
      1032,
      389,
      0,
      396,
      0,
      "IMAGE"
    ],
    [
      1052,
      481,
      0,
      369,
      0,
      "IMAGE"
    ],
    [
      1314,
      569,
      0,
      389,
      0,
      "*"
    ],
    [
      1324,
      471,
      0,
      252,
      0,
      "CLIP"
    ],
    [
      1340,
      359,
      0,
      248,
      0,
      "LATENT"
    ],
    [
      1419,
      354,
      0,
      630,
      0,
      "LATENT"
    ],
    [
      1420,
      630,
      0,
      359,
      3,
      "LATENT"
    ],
    [
      1421,
      323,
      0,
      630,
      1,
      "MASK"
    ],
    [
      1460,
      641,
      0,
      642,
      1,
      "IMAGE"
    ],
    [
      1473,
      647,
      3,
      410,
      0,
      "*"
    ],
    [
      1474,
      647,
      4,
      411,
      0,
      "*"
    ],
    [
      1475,
      647,
      5,
      412,
      0,
      "*"
    ],
    [
      1476,
      647,
      6,
      413,
      0,
      "*"
    ],
    [
      1478,
      253,
      0,
      643,
      0,
      "IMAGE"
    ],
    [
      1480,
      648,
      0,
      649,
      0,
      "IMAGE"
    ],
    [
      1481,
      647,
      0,
      407,
      0,
      "*"
    ],
    [
      1482,
      647,
      3,
      648,
      3,
      "INT"
    ],
    [
      1483,
      647,
      4,
      648,
      4,
      "INT"
    ],
    [
      1484,
      647,
      5,
      648,
      1,
      "INT"
    ],
    [
      1485,
      647,
      6,
      648,
      2,
      "INT"
    ],
    [
      1486,
      647,
      7,
      649,
      1,
      "INT"
    ],
    [
      1487,
      647,
      8,
      649,
      2,
      "INT"
    ],
    [
      1489,
      649,
      0,
      481,
      0,
      "*"
    ],
    [
      1491,
      650,
      0,
      642,
      0,
      "INSIGHTFACE_APP"
    ],
    [
      1503,
      653,
      0,
      655,
      0,
      "*"
    ],
    [
      1504,
      647,
      1,
      408,
      0,
      "*"
    ],
    [
      1530,
      253,
      1,
      664,
      0,
      "MASK"
    ],
    [
      1531,
      665,
      0,
      647,
      1,
      "MASK"
    ],
    [
      1533,
      253,
      0,
      667,
      0,
      "IMAGE"
    ],
    [
      1535,
      667,
      0,
      395,
      0,
      "IMAGE"
    ],
    [
      1536,
      396,
      0,
      668,
      0,
      "IMAGE"
    ],
    [
      1537,
      655,
      0,
      668,
      1,
      "FLOAT"
    ],
    [
      1538,
      668,
      0,
      667,
      1,
      "IMAGE"
    ],
    [
      1539,
      664,
      0,
      669,
      0,
      "IMAGE"
    ],
    [
      1540,
      653,
      0,
      669,
      1,
      "FLOAT"
    ],
    [
      1541,
      669,
      0,
      665,
      0,
      "IMAGE"
    ],
    [
      1542,
      253,
      0,
      670,
      0,
      "IMAGE"
    ],
    [
      1543,
      653,
      0,
      670,
      1,
      "FLOAT"
    ],
    [
      1544,
      670,
      0,
      579,
      0,
      "*"
    ],
    [
      1545,
      670,
      0,
      647,
      0,
      "IMAGE"
    ],
    [
      1546,
      670,
      0,
      569,
      0,
      "*"
    ],
    [
      1547,
      643,
      0,
      671,
      0,
      "IMAGE"
    ],
    [
      1548,
      653,
      0,
      671,
      1,
      "FLOAT"
    ],
    [
      1549,
      671,
      0,
      648,
      0,
      "IMAGE"
    ],
    [
      1551,
      253,
      0,
      672,
      0,
      "*"
    ],
    [
      1552,
      672,
      0,
      258,
      0,
      "IMAGE"
    ],
    [
      1554,
      673,
      0,
      359,
      0,
      "MODEL"
    ],
    [
      1555,
      241,
      0,
      673,
      0,
      "MODEL"
    ],
    [
      1556,
      674,
      0,
      673,
      1,
      "INSTANTID_ADAPTER"
    ],
    [
      1557,
      674,
      1,
      675,
      0,
      "RESAMPLER"
    ],
    [
      1558,
      642,
      0,
      675,
      1,
      "FACE_EMBED"
    ],
    [
      1559,
      675,
      0,
      673,
      2,
      "FACE_CONDITIONING"
    ],
    [
      1560,
      675,
      0,
      676,
      2,
      "FACE_CONDITIONING"
    ],
    [
      1561,
      636,
      0,
      676,
      3,
      "CONTROL_NET"
    ],
    [
      1562,
      252,
      0,
      676,
      0,
      "CONDITIONING"
    ],
    [
      1563,
      287,
      0,
      676,
      1,
      "CONDITIONING"
    ],
    [
      1565,
      676,
      0,
      359,
      1,
      "CONDITIONING"
    ],
    [
      1566,
      676,
      1,
      359,
      2,
      "CONDITIONING"
    ],
    [
      1567,
      481,
      0,
      676,
      4,
      "IMAGE"
    ],
    [
      1568,
      471,
      0,
      287,
      0,
      "CLIP"
    ]
  ],
  "groups": [],
  "config": {},
  "extra": {
    "ds": {
      "scale": 0.3234918430760855,
      "offset": [
        1026.4582926032117,
        646.5259356681826
      ]
    },
    "groupNodes": {}
  },
  "version": 0.4
}