{
  "last_node_id": 634,
  "last_link_id": 1450,
  "nodes": [
    {
      "id": 369,
      "type": "PreviewImage",
      "pos": [
        670,
        -340
      ],
      "size": {
        "0": 210,
        "1": 246
      },
      "flags": {},
      "order": 26,
      "mode": 0,
      "inputs": [
        {
          "name": "images",
          "type": "IMAGE",
          "link": 1052
        }
      ],
      "title": "InstantId Control Image",
      "properties": {
        "Node name for S&R": "PreviewImage"
      },
      "color": "#233",
      "bgcolor": "#355"
    },
    {
      "id": 268,
      "type": "PreviewImage",
      "pos": [
        910,
        -340
      ],
      "size": {
        "0": 210,
        "1": 246
      },
      "flags": {},
      "order": 24,
      "mode": 0,
      "inputs": [
        {
          "name": "images",
          "type": "IMAGE",
          "link": 926
        }
      ],
      "title": "Image for inpaint",
      "properties": {
        "Node name for S&R": "PreviewImage"
      },
      "color": "#233",
      "bgcolor": "#355"
    },
    {
      "id": 412,
      "type": "Reroute",
      "pos": [
        1201,
        144
      ],
      "size": [
        75,
        26
      ],
      "flags": {},
      "order": 18,
      "mode": 0,
      "inputs": [
        {
          "name": "",
          "type": "*",
          "link": 1437,
          "widget": {
            "name": "value"
          }
        }
      ],
      "outputs": [
        {
          "name": "",
          "type": "INT",
          "links": [
            840
          ],
          "slot_index": 0
        }
      ],
      "properties": {
        "showOutputText": false,
        "horizontal": false
      }
    },
    {
      "id": 413,
      "type": "Reroute",
      "pos": [
        1201,
        164
      ],
      "size": [
        75,
        26
      ],
      "flags": {},
      "order": 19,
      "mode": 0,
      "inputs": [
        {
          "name": "",
          "type": "*",
          "link": 1438,
          "widget": {
            "name": "value"
          }
        }
      ],
      "outputs": [
        {
          "name": "",
          "type": "INT",
          "links": [
            841
          ],
          "slot_index": 0
        }
      ],
      "properties": {
        "showOutputText": false,
        "horizontal": false
      }
    },
    {
      "id": 395,
      "type": "PreviewImage",
      "pos": [
        1440,
        430
      ],
      "size": {
        "0": 612.2093505859375,
        "1": 842.1597900390625
      },
      "flags": {},
      "order": 37,
      "mode": 0,
      "inputs": [
        {
          "name": "images",
          "type": "IMAGE",
          "link": 1418
        }
      ],
      "title": "Output Image",
      "properties": {
        "Node name for S&R": "PreviewImage"
      },
      "color": "#233",
      "bgcolor": "#355"
    },
    {
      "id": 258,
      "type": "PreviewImage",
      "pos": [
        2100,
        430
      ],
      "size": {
        "0": 612.114013671875,
        "1": 845.9668579101562
      },
      "flags": {},
      "order": 11,
      "mode": 0,
      "inputs": [
        {
          "name": "images",
          "type": "IMAGE",
          "link": 1281
        }
      ],
      "title": "Input Image",
      "properties": {
        "Node name for S&R": "PreviewImage"
      },
      "color": "#233",
      "bgcolor": "#355"
    },
    {
      "id": 630,
      "type": "SetLatentNoiseMask",
      "pos": [
        894,
        510
      ],
      "size": {
        "0": 210,
        "1": 46
      },
      "flags": {
        "collapsed": true
      },
      "order": 32,
      "mode": 0,
      "inputs": [
        {
          "name": "samples",
          "type": "LATENT",
          "link": 1419
        },
        {
          "name": "mask",
          "type": "MASK",
          "link": 1421
        }
      ],
      "outputs": [
        {
          "name": "LATENT",
          "type": "LATENT",
          "links": [
            1420
          ],
          "slot_index": 0,
          "shape": 3
        }
      ],
      "properties": {
        "Node name for S&R": "SetLatentNoiseMask"
      }
    },
    {
      "id": 354,
      "type": "VAEEncode",
      "pos": [
        751,
        510
      ],
      "size": {
        "0": 309.7555847167969,
        "1": 46
      },
      "flags": {
        "collapsed": true
      },
      "order": 23,
      "mode": 0,
      "inputs": [
        {
          "name": "pixels",
          "type": "IMAGE",
          "link": 923
        },
        {
          "name": "vae",
          "type": "VAE",
          "link": 1024
        }
      ],
      "outputs": [
        {
          "name": "LATENT",
          "type": "LATENT",
          "links": [
            1419
          ],
          "slot_index": 0,
          "shape": 3
        }
      ],
      "properties": {
        "Node name for S&R": "VAEEncode"
      }
    },
    {
      "id": 569,
      "type": "Reroute",
      "pos": [
        206,
        313
      ],
      "size": [
        75,
        26
      ],
      "flags": {},
      "order": 5,
      "mode": 0,
      "inputs": [
        {
          "name": "",
          "type": "*",
          "link": 1415
        }
      ],
      "outputs": [
        {
          "name": "",
          "type": "IMAGE",
          "links": [
            1314
          ],
          "slot_index": 0
        }
      ],
      "properties": {
        "showOutputText": false,
        "horizontal": false
      }
    },
    {
      "id": 474,
      "type": "Reroute",
      "pos": [
        416,
        478
      ],
      "size": [
        75,
        26
      ],
      "flags": {},
      "order": 10,
      "mode": 0,
      "inputs": [
        {
          "name": "",
          "type": "*",
          "link": 1026
        }
      ],
      "outputs": [
        {
          "name": "",
          "type": "VAE",
          "links": [
            1024,
            1027
          ],
          "slot_index": 0
        }
      ],
      "properties": {
        "showOutputText": false,
        "horizontal": false
      }
    },
    {
      "id": 248,
      "type": "VAEDecode",
      "pos": [
        1438,
        323
      ],
      "size": {
        "0": 140,
        "1": 46
      },
      "flags": {
        "collapsed": true
      },
      "order": 34,
      "mode": 0,
      "inputs": [
        {
          "name": "samples",
          "type": "LATENT",
          "link": 1340
        },
        {
          "name": "vae",
          "type": "VAE",
          "link": 768
        }
      ],
      "outputs": [
        {
          "name": "IMAGE",
          "type": "IMAGE",
          "links": [
            797
          ],
          "slot_index": 0,
          "shape": 3
        }
      ],
      "properties": {
        "Node name for S&R": "VAEDecode"
      }
    },
    {
      "id": 394,
      "type": "ImageScale",
      "pos": [
        1603,
        186
      ],
      "size": {
        "0": 315,
        "1": 130
      },
      "flags": {
        "collapsed": true
      },
      "order": 35,
      "mode": 0,
      "inputs": [
        {
          "name": "image",
          "type": "IMAGE",
          "link": 797
        },
        {
          "name": "width",
          "type": "INT",
          "link": 840,
          "widget": {
            "name": "width"
          }
        },
        {
          "name": "height",
          "type": "INT",
          "link": 841,
          "widget": {
            "name": "height"
          }
        }
      ],
      "outputs": [
        {
          "name": "IMAGE",
          "type": "IMAGE",
          "links": [
            781
          ],
          "slot_index": 0,
          "shape": 3
        }
      ],
      "properties": {
        "Node name for S&R": "ImageScale"
      },
      "widgets_values": [
        "bilinear",
        512,
        512,
        "disabled"
      ]
    },
    {
      "id": 396,
      "type": "ImageCompositeMasked",
      "pos": [
        1840,
        149
      ],
      "size": {
        "0": 327.45550537109375,
        "1": 140.86239624023438
      },
      "flags": {
        "collapsed": true
      },
      "order": 36,
      "mode": 0,
      "inputs": [
        {
          "name": "destination",
          "type": "IMAGE",
          "link": 1032
        },
        {
          "name": "source",
          "type": "IMAGE",
          "link": 781
        },
        {
          "name": "mask",
          "type": "MASK",
          "link": null
        },
        {
          "name": "x",
          "type": "INT",
          "link": 836,
          "widget": {
            "name": "x"
          }
        },
        {
          "name": "y",
          "type": "INT",
          "link": 838,
          "widget": {
            "name": "y"
          }
        }
      ],
      "outputs": [
        {
          "name": "IMAGE",
          "type": "IMAGE",
          "links": [
            1418
          ],
          "slot_index": 0,
          "shape": 3
        }
      ],
      "properties": {
        "Node name for S&R": "ImageCompositeMasked"
      },
      "widgets_values": [
        0,
        0,
        false
      ]
    },
    {
      "id": 326,
      "type": "PreviewImage",
      "pos": [
        1390,
        -340
      ],
      "size": {
        "0": 210,
        "1": 246
      },
      "flags": {},
      "order": 31,
      "mode": 0,
      "inputs": [
        {
          "name": "images",
          "type": "IMAGE",
          "link": 590
        }
      ],
      "title": "Blurred Mask",
      "properties": {
        "Node name for S&R": "PreviewImage"
      },
      "color": "#233",
      "bgcolor": "#355"
    },
    {
      "id": 269,
      "type": "LoadInsightface",
      "pos": [
        -457,
        80
      ],
      "size": {
        "0": 279.5220031738281,
        "1": 41.10993957519531
      },
      "flags": {},
      "order": 0,
      "mode": 0,
      "outputs": [
        {
          "name": "insightface",
          "type": "INSIGHTFACE_APP",
          "links": [
            947,
            1431
          ],
          "slot_index": 0,
          "shape": 3
        }
      ],
      "properties": {
        "Node name for S&R": "LoadInsightface"
      },
      "color": "#432",
      "bgcolor": "#653"
    },
    {
      "id": 389,
      "type": "Reroute",
      "pos": [
        1708,
        311
      ],
      "size": [
        75,
        26
      ],
      "flags": {},
      "order": 12,
      "mode": 0,
      "inputs": [
        {
          "name": "",
          "type": "*",
          "link": 1314
        }
      ],
      "outputs": [
        {
          "name": "",
          "type": "IMAGE",
          "links": [
            1032
          ],
          "slot_index": 0
        }
      ],
      "properties": {
        "showOutputText": false,
        "horizontal": false
      }
    },
    {
      "id": 392,
      "type": "Reroute",
      "pos": [
        756,
        293
      ],
      "size": [
        75,
        26
      ],
      "flags": {},
      "order": 22,
      "mode": 0,
      "inputs": [
        {
          "name": "",
          "type": "*",
          "link": 1027
        }
      ],
      "outputs": [
        {
          "name": "",
          "type": "VAE",
          "links": [
            768
          ],
          "slot_index": 0
        }
      ],
      "properties": {
        "showOutputText": false,
        "horizontal": false
      }
    },
    {
      "id": 253,
      "type": "LoadImage",
      "pos": [
        -134,
        42
      ],
      "size": {
        "0": 290.3117370605469,
        "1": 314
      },
      "flags": {},
      "order": 1,
      "mode": 0,
      "outputs": [
        {
          "name": "IMAGE",
          "type": "IMAGE",
          "links": [
            1260,
            1415,
            1439
          ],
          "slot_index": 0,
          "shape": 3
        },
        {
          "name": "MASK",
          "type": "MASK",
          "links": [
            1440
          ],
          "slot_index": 1,
          "shape": 3
        }
      ],
      "title": "Load Pose Image",
      "properties": {
        "Node name for S&R": "LoadImage"
      },
      "widgets_values": [
        "clipspace/clipspace-mask-529397.5.png [input]",
        "image"
      ],
      "color": "#223",
      "bgcolor": "#335"
    },
    {
      "id": 262,
      "type": "MaskToImage",
      "pos": [
        890,
        20
      ],
      "size": {
        "0": 210,
        "1": 26
      },
      "flags": {
        "collapsed": true
      },
      "order": 25,
      "mode": 0,
      "inputs": [
        {
          "name": "mask",
          "type": "MASK",
          "link": 828,
          "slot_index": 0
        }
      ],
      "outputs": [
        {
          "name": "IMAGE",
          "type": "IMAGE",
          "links": [
            408,
            558
          ],
          "slot_index": 0,
          "shape": 3
        }
      ],
      "properties": {
        "Node name for S&R": "MaskToImage"
      }
    },
    {
      "id": 323,
      "type": "ImageToMask",
      "pos": [
        1440,
        20
      ],
      "size": {
        "0": 315,
        "1": 58
      },
      "flags": {
        "collapsed": true
      },
      "order": 30,
      "mode": 0,
      "inputs": [
        {
          "name": "image",
          "type": "IMAGE",
          "link": 563
        }
      ],
      "outputs": [
        {
          "name": "MASK",
          "type": "MASK",
          "links": [
            1421
          ],
          "slot_index": 0,
          "shape": 3
        }
      ],
      "properties": {
        "Node name for S&R": "ImageToMask"
      },
      "widgets_values": [
        "red"
      ]
    },
    {
      "id": 264,
      "type": "PreviewImage",
      "pos": [
        1150,
        -340
      ],
      "size": {
        "0": 210,
        "1": 246
      },
      "flags": {},
      "order": 28,
      "mode": 0,
      "inputs": [
        {
          "name": "images",
          "type": "IMAGE",
          "link": 408
        }
      ],
      "title": "Mask",
      "properties": {
        "Node name for S&R": "PreviewImage"
      },
      "color": "#233",
      "bgcolor": "#355"
    },
    {
      "id": 407,
      "type": "Reroute",
      "pos": [
        802,
        43
      ],
      "size": [
        75,
        26
      ],
      "flags": {},
      "order": 13,
      "mode": 0,
      "inputs": [
        {
          "name": "",
          "type": "*",
          "link": 1432
        }
      ],
      "outputs": [
        {
          "name": "",
          "type": "IMAGE",
          "links": [
            923,
            926
          ],
          "slot_index": 0
        }
      ],
      "properties": {
        "showOutputText": false,
        "horizontal": false
      }
    },
    {
      "id": 408,
      "type": "Reroute",
      "pos": [
        802,
        62
      ],
      "size": [
        75,
        26
      ],
      "flags": {},
      "order": 14,
      "mode": 0,
      "inputs": [
        {
          "name": "",
          "type": "*",
          "link": 1433
        }
      ],
      "outputs": [
        {
          "name": "",
          "type": "MASK",
          "links": [
            828
          ],
          "slot_index": 0
        }
      ],
      "properties": {
        "showOutputText": false,
        "horizontal": false
      }
    },
    {
      "id": 579,
      "type": "Reroute",
      "pos": [
        1967,
        51
      ],
      "size": [
        75,
        26
      ],
      "flags": {},
      "order": 4,
      "mode": 0,
      "inputs": [
        {
          "name": "",
          "type": "*",
          "link": 1260
        }
      ],
      "outputs": [
        {
          "name": "",
          "type": "IMAGE",
          "links": [
            1281
          ],
          "slot_index": 0
        }
      ],
      "properties": {
        "showOutputText": false,
        "horizontal": false
      }
    },
    {
      "id": 410,
      "type": "Reroute",
      "pos": [
        1118,
        104
      ],
      "size": [
        75,
        26
      ],
      "flags": {},
      "order": 16,
      "mode": 0,
      "inputs": [
        {
          "name": "",
          "type": "*",
          "link": 1435,
          "widget": {
            "name": "value"
          }
        }
      ],
      "outputs": [
        {
          "name": "",
          "type": "INT",
          "links": [
            836
          ],
          "slot_index": 0
        }
      ],
      "properties": {
        "showOutputText": false,
        "horizontal": false
      }
    },
    {
      "id": 411,
      "type": "Reroute",
      "pos": [
        1118,
        124
      ],
      "size": [
        75,
        26
      ],
      "flags": {},
      "order": 17,
      "mode": 0,
      "inputs": [
        {
          "name": "",
          "type": "*",
          "link": 1436,
          "widget": {
            "name": "value"
          }
        }
      ],
      "outputs": [
        {
          "name": "",
          "type": "INT",
          "links": [
            838
          ]
        }
      ],
      "properties": {
        "showOutputText": false,
        "horizontal": false
      }
    },
    {
      "id": 632,
      "type": "PreprocessImage",
      "pos": [
        335,
        43
      ],
      "size": {
        "0": 325.7662353515625,
        "1": 290
      },
      "flags": {},
      "order": 6,
      "mode": 0,
      "inputs": [
        {
          "name": "image",
          "type": "IMAGE",
          "link": 1439
        },
        {
          "name": "mask",
          "type": "MASK",
          "link": 1440
        },
        {
          "name": "insightface",
          "type": "INSIGHTFACE_APP",
          "link": 1431
        }
      ],
      "outputs": [
        {
          "name": "resized_image",
          "type": "IMAGE",
          "links": [
            1432
          ],
          "shape": 3
        },
        {
          "name": "mask",
          "type": "MASK",
          "links": [
            1433
          ],
          "shape": 3
        },
        {
          "name": "control_image",
          "type": "IMAGE",
          "links": [
            1434
          ],
          "shape": 3
        },
        {
          "name": "x",
          "type": "INT",
          "links": [
            1435
          ],
          "shape": 3
        },
        {
          "name": "y",
          "type": "INT",
          "links": [
            1436
          ],
          "shape": 3
        },
        {
          "name": "original_width",
          "type": "INT",
          "links": [
            1437
          ],
          "shape": 3
        },
        {
          "name": "original_height",
          "type": "INT",
          "links": [
            1438
          ],
          "shape": 3
        },
        {
          "name": "new_width",
          "type": "INT",
          "links": null,
          "shape": 3
        },
        {
          "name": "new_height",
          "type": "INT",
          "links": null,
          "shape": 3
        }
      ],
      "properties": {
        "Node name for S&R": "PreprocessImage"
      },
      "widgets_values": [
        1024,
        1024,
        "auto",
        150
      ],
      "color": "#432",
      "bgcolor": "#653"
    },
    {
      "id": 481,
      "type": "Reroute",
      "pos": [
        802,
        82
      ],
      "size": [
        75,
        26
      ],
      "flags": {},
      "order": 15,
      "mode": 0,
      "inputs": [
        {
          "name": "",
          "type": "*",
          "link": 1434
        }
      ],
      "outputs": [
        {
          "name": "",
          "type": "IMAGE",
          "links": [
            1052,
            1443
          ],
          "slot_index": 0
        }
      ],
      "properties": {
        "showOutputText": false,
        "horizontal": false
      }
    },
    {
      "id": 473,
      "type": "Reroute",
      "pos": [
        231,
        721
      ],
      "size": [
        75,
        26
      ],
      "flags": {},
      "order": 8,
      "mode": 0,
      "inputs": [
        {
          "name": "",
          "type": "*",
          "link": 1315
        }
      ],
      "outputs": [
        {
          "name": "",
          "type": "MODEL",
          "links": [
            1441
          ],
          "slot_index": 0
        }
      ],
      "properties": {
        "showOutputText": false,
        "horizontal": false
      }
    },
    {
      "id": 252,
      "type": "CLIPTextEncode",
      "pos": [
        330,
        785
      ],
      "size": {
        "0": 321.2493896484375,
        "1": 112.86385345458984
      },
      "flags": {},
      "order": 20,
      "mode": 0,
      "inputs": [
        {
          "name": "clip",
          "type": "CLIP",
          "link": 1324
        }
      ],
      "outputs": [
        {
          "name": "CONDITIONING",
          "type": "CONDITIONING",
          "links": [
            1444
          ],
          "slot_index": 0,
          "shape": 3
        }
      ],
      "title": "Positive Prompt",
      "properties": {
        "Node name for S&R": "CLIPTextEncode"
      },
      "widgets_values": [
        ""
      ],
      "color": "#232",
      "bgcolor": "#353"
    },
    {
      "id": 287,
      "type": "CLIPTextEncode",
      "pos": [
        330,
        930
      ],
      "size": {
        "0": 323.7601013183594,
        "1": 111.55984497070312
      },
      "flags": {},
      "order": 21,
      "mode": 0,
      "inputs": [
        {
          "name": "clip",
          "type": "CLIP",
          "link": 1450
        }
      ],
      "outputs": [
        {
          "name": "CONDITIONING",
          "type": "CONDITIONING",
          "links": [
            1445
          ],
          "slot_index": 0,
          "shape": 3
        }
      ],
      "title": "Negative Prompt",
      "properties": {
        "Node name for S&R": "CLIPTextEncode"
      },
      "widgets_values": [
        ""
      ],
      "color": "#322",
      "bgcolor": "#533"
    },
    {
      "id": 438,
      "type": "FaceEmbed",
      "pos": [
        -87,
        -24
      ],
      "size": {
        "0": 292.20001220703125,
        "1": 66
      },
      "flags": {
        "collapsed": true
      },
      "order": 7,
      "mode": 0,
      "inputs": [
        {
          "name": "insightface",
          "type": "INSIGHTFACE_APP",
          "link": 947
        },
        {
          "name": "face_image",
          "type": "IMAGE",
          "link": 1235
        },
        {
          "name": "face_embeds",
          "type": "FACE_EMBED",
          "link": null
        }
      ],
      "outputs": [
        {
          "name": "face embeds",
          "type": "FACE_EMBED",
          "links": [
            1442
          ],
          "slot_index": 0,
          "shape": 3
        }
      ],
      "properties": {
        "Node name for S&R": "FaceEmbed"
      },
      "color": "#432",
      "bgcolor": "#653"
    },
    {
      "id": 562,
      "type": "LoadImage",
      "pos": [
        -126,
        -385
      ],
      "size": [
        265.1659851074219,
        314
      ],
      "flags": {},
      "order": 2,
      "mode": 0,
      "outputs": [
        {
          "name": "IMAGE",
          "type": "IMAGE",
          "links": [
            1235
          ],
          "shape": 3
        },
        {
          "name": "MASK",
          "type": "MASK",
          "links": null,
          "shape": 3
        }
      ],
      "title": "Load face Referecnce",
      "properties": {
        "Node name for S&R": "LoadImage"
      },
      "widgets_values": [
        "han3.jpg",
        "image"
      ],
      "color": "#223",
      "bgcolor": "#335"
    },
    {
      "id": 319,
      "type": "ImageBlur",
      "pos": [
        1100,
        -10
      ],
      "size": {
        "0": 315,
        "1": 82
      },
      "flags": {
        "collapsed": false
      },
      "order": 29,
      "mode": 0,
      "inputs": [
        {
          "name": "image",
          "type": "IMAGE",
          "link": 558
        }
      ],
      "outputs": [
        {
          "name": "IMAGE",
          "type": "IMAGE",
          "links": [
            563,
            590
          ],
          "slot_index": 0,
          "shape": 3
        }
      ],
      "properties": {
        "Node name for S&R": "ImageBlur"
      },
      "widgets_values": [
        1,
        0.1
      ],
      "color": "#323",
      "bgcolor": "#535"
    },
    {
      "id": 241,
      "type": "CheckpointLoaderSimple",
      "pos": [
        -149,
        437
      ],
      "size": {
        "0": 295.705078125,
        "1": 310
      },
      "flags": {},
      "order": 3,
      "mode": 0,
      "outputs": [
        {
          "name": "MODEL",
          "type": "MODEL",
          "links": [
            1315
          ],
          "slot_index": 0,
          "shape": 3
        },
        {
          "name": "CLIP",
          "type": "CLIP",
          "links": [
            1449
          ],
          "slot_index": 1,
          "shape": 3
        },
        {
          "name": "VAE",
          "type": "VAE",
          "links": [
            1026
          ],
          "slot_index": 2,
          "shape": 3
        }
      ],
      "properties": {
        "Node name for S&R": "CheckpointLoaderSimple"
      },
      "widgets_values": [
        "custom_3.9.safetensors"
      ],
      "color": "#223",
      "bgcolor": "#335"
    },
    {
      "id": 471,
      "type": "Reroute",
      "pos": [
        229,
        784
      ],
      "size": [
        75,
        26
      ],
      "flags": {},
      "order": 9,
      "mode": 0,
      "inputs": [
        {
          "name": "",
          "type": "*",
          "link": 1449
        }
      ],
      "outputs": [
        {
          "name": "",
          "type": "CLIP",
          "links": [
            1324,
            1450
          ],
          "slot_index": 0
        }
      ],
      "properties": {
        "showOutputText": false,
        "horizontal": false
      }
    },
    {
      "id": 634,
      "type": "InstantIdAndControlnetApply",
      "pos": [
        712,
        727
      ],
      "size": {
        "0": 315,
        "1": 210
      },
      "flags": {},
      "order": 27,
      "mode": 0,
      "inputs": [
        {
          "name": "model",
          "type": "MODEL",
          "link": 1441
        },
        {
          "name": "face_embeds",
          "type": "FACE_EMBED",
          "link": 1442
        },
        {
          "name": "control_image",
          "type": "IMAGE",
          "link": 1443
        },
        {
          "name": "positive",
          "type": "CONDITIONING",
          "link": 1444
        },
        {
          "name": "negative",
          "type": "CONDITIONING",
          "link": 1445
        }
      ],
      "outputs": [
        {
          "name": "model",
          "type": "MODEL",
          "links": [
            1446
          ],
          "slot_index": 0,
          "shape": 3
        },
        {
          "name": "positive",
          "type": "CONDITIONING",
          "links": [
            1447
          ],
          "slot_index": 1,
          "shape": 3
        },
        {
          "name": "negative",
          "type": "CONDITIONING",
          "links": [
            1448
          ],
          "slot_index": 2,
          "shape": 3
        }
      ],
      "properties": {
        "Node name for S&R": "InstantIdAndControlnetApply"
      },
      "widgets_values": [
        "ip-adapter.bin",
        "ControlNetModel\\diffusion_pytorch_model.safetensors",
        0.5,
        0.7
      ],
      "color": "#432",
      "bgcolor": "#653"
    },
    {
      "id": 359,
      "type": "KSampler",
      "pos": [
        1097,
        420
      ],
      "size": {
        "0": 316.94384765625,
        "1": 486.80694580078125
      },
      "flags": {},
      "order": 33,
      "mode": 0,
      "inputs": [
        {
          "name": "model",
          "type": "MODEL",
          "link": 1446
        },
        {
          "name": "positive",
          "type": "CONDITIONING",
          "link": 1447
        },
        {
          "name": "negative",
          "type": "CONDITIONING",
          "link": 1448
        },
        {
          "name": "latent_image",
          "type": "LATENT",
          "link": 1420
        }
      ],
      "outputs": [
        {
          "name": "LATENT",
          "type": "LATENT",
          "links": [
            1340
          ],
          "slot_index": 0,
          "shape": 3
        }
      ],
      "properties": {
        "Node name for S&R": "KSampler"
      },
      "widgets_values": [
        930143501615199,
        "randomize",
        30,
        3,
        "dpm_adaptive",
        "karras",
        0.7000000000000001
      ],
      "color": "#323",
      "bgcolor": "#535"
    }
  ],
  "links": [
    [
      408,
      262,
      0,
      264,
      0,
      "IMAGE"
    ],
    [
      558,
      262,
      0,
      319,
      0,
      "IMAGE"
    ],
    [
      563,
      319,
      0,
      323,
      0,
      "IMAGE"
    ],
    [
      590,
      319,
      0,
      326,
      0,
      "IMAGE"
    ],
    [
      768,
      392,
      0,
      248,
      1,
      "VAE"
    ],
    [
      781,
      394,
      0,
      396,
      1,
      "IMAGE"
    ],
    [
      797,
      248,
      0,
      394,
      0,
      "IMAGE"
    ],
    [
      828,
      408,
      0,
      262,
      0,
      "MASK"
    ],
    [
      836,
      410,
      0,
      396,
      3,
      "INT"
    ],
    [
      838,
      411,
      0,
      396,
      4,
      "INT"
    ],
    [
      840,
      412,
      0,
      394,
      1,
      "INT"
    ],
    [
      841,
      413,
      0,
      394,
      2,
      "INT"
    ],
    [
      923,
      407,
      0,
      354,
      0,
      "IMAGE"
    ],
    [
      926,
      407,
      0,
      268,
      0,
      "IMAGE"
    ],
    [
      947,
      269,
      0,
      438,
      0,
      "INSIGHTFACE_APP"
    ],
    [
      1024,
      474,
      0,
      354,
      1,
      "VAE"
    ],
    [
      1026,
      241,
      2,
      474,
      0,
      "*"
    ],
    [
      1027,
      474,
      0,
      392,
      0,
      "*"
    ],
    [
      1032,
      389,
      0,
      396,
      0,
      "IMAGE"
    ],
    [
      1052,
      481,
      0,
      369,
      0,
      "IMAGE"
    ],
    [
      1235,
      562,
      0,
      438,
      1,
      "IMAGE"
    ],
    [
      1260,
      253,
      0,
      579,
      0,
      "*"
    ],
    [
      1281,
      579,
      0,
      258,
      0,
      "IMAGE"
    ],
    [
      1314,
      569,
      0,
      389,
      0,
      "*"
    ],
    [
      1315,
      241,
      0,
      473,
      0,
      "*"
    ],
    [
      1324,
      471,
      0,
      252,
      0,
      "CLIP"
    ],
    [
      1340,
      359,
      0,
      248,
      0,
      "LATENT"
    ],
    [
      1415,
      253,
      0,
      569,
      0,
      "*"
    ],
    [
      1418,
      396,
      0,
      395,
      0,
      "IMAGE"
    ],
    [
      1419,
      354,
      0,
      630,
      0,
      "LATENT"
    ],
    [
      1420,
      630,
      0,
      359,
      3,
      "LATENT"
    ],
    [
      1421,
      323,
      0,
      630,
      1,
      "MASK"
    ],
    [
      1431,
      269,
      0,
      632,
      2,
      "INSIGHTFACE_APP"
    ],
    [
      1432,
      632,
      0,
      407,
      0,
      "*"
    ],
    [
      1433,
      632,
      1,
      408,
      0,
      "*"
    ],
    [
      1434,
      632,
      2,
      481,
      0,
      "*"
    ],
    [
      1435,
      632,
      3,
      410,
      0,
      "*"
    ],
    [
      1436,
      632,
      4,
      411,
      0,
      "*"
    ],
    [
      1437,
      632,
      5,
      412,
      0,
      "*"
    ],
    [
      1438,
      632,
      6,
      413,
      0,
      "*"
    ],
    [
      1439,
      253,
      0,
      632,
      0,
      "IMAGE"
    ],
    [
      1440,
      253,
      1,
      632,
      1,
      "MASK"
    ],
    [
      1441,
      473,
      0,
      634,
      0,
      "MODEL"
    ],
    [
      1442,
      438,
      0,
      634,
      1,
      "FACE_EMBED"
    ],
    [
      1443,
      481,
      0,
      634,
      2,
      "IMAGE"
    ],
    [
      1444,
      252,
      0,
      634,
      3,
      "CONDITIONING"
    ],
    [
      1445,
      287,
      0,
      634,
      4,
      "CONDITIONING"
    ],
    [
      1446,
      634,
      0,
      359,
      0,
      "MODEL"
    ],
    [
      1447,
      634,
      1,
      359,
      1,
      "CONDITIONING"
    ],
    [
      1448,
      634,
      2,
      359,
      2,
      "CONDITIONING"
    ],
    [
      1449,
      241,
      1,
      471,
      0,
      "*"
    ],
    [
      1450,
      471,
      0,
      287,
      0,
      "CLIP"
    ]
  ],
  "groups": [],
  "config": {},
  "extra": {
    "ds": {
      "scale": 0.839054528882501,
      "offset": [
        218.60363014413264,
        35.417663081193595
      ]
    },
    "groupNodes": {}
  },
  "version": 0.4
}